
==================== AAPL ====================
Day 1: Action: 0, Cash: 2500.00, Volume: 0, Price: 215.09
Day 2: Action: 0, Cash: 2500.00, Volume: 0, Price: 218.58
Day 3: Action: 1, Cash: 2500.00, Volume: 0, Price: 219.85
Day 4: Action: 0, Cash: 301.50, Volume: 10, Price: 224.60
Day 5: Action: 0, Cash: 301.50, Volume: 10, Price: 226.07
Day 6: Action: 0, Cash: 301.50, Volume: 10, Price: 226.92
Day 7: Action: 2, Cash: 301.50, Volume: 10, Price: 231.19
Day 8: Action: 0, Cash: 2613.42, Volume: 0, Price: 225.82
Day 9: Action: 1, Cash: 2613.42, Volume: 0, Price: 228.77
Day 10: Action: 2, Cash: 325.72, Volume: 10, Price: 232.60
Day 11: Action: 1, Cash: 2651.73, Volume: 0, Price: 233.02
Day 12: Action: 0, Cash: 321.55, Volume: 10, Price: 227.12
Day 13: Action: 0, Cash: 321.55, Volume: 10, Price: 222.46
Day 14: Action: 0, Cash: 321.55, Volume: 10, Price: 222.59
Day 15: Action: 0, Cash: 321.55, Volume: 10, Price: 222.24
Day 16: Action: 0, Cash: 321.55, Volume: 10, Price: 223.28
Day 17: Action: 0, Cash: 321.55, Volume: 10, Price: 216.86
Day 18: Action: 2, Cash: 321.55, Volume: 10, Price: 215.82
Day 19: Action: 0, Cash: 2479.76, Volume: 0, Price: 216.29
Day 20: Action: 0, Cash: 2479.76, Volume: 0, Price: 216.57
Day 21: Action: 1, Cash: 2479.76, Volume: 0, Price: 217.12
Day 22: Action: 0, Cash: 308.55, Volume: 10, Price: 220.38
Day 23: Action: 2, Cash: 308.55, Volume: 10, Price: 216.68
Day 24: Action: 1, Cash: 2475.39, Volume: 0, Price: 218.17
Day 25: Action: 0, Cash: 293.66, Volume: 10, Price: 207.66
Day 26: Action: 0, Cash: 293.66, Volume: 10, Price: 205.64
Day 27: Action: 2, Cash: 293.66, Volume: 10, Price: 208.21
Day 28: Action: 0, Cash: 2375.76, Volume: 0, Price: 211.67
Day 29: Action: 1, Cash: 2375.76, Volume: 0, Price: 214.58
Day 30: Action: 0, Cash: 229.96, Volume: 10, Price: 216.11
Day 31: Action: 0, Cash: 229.96, Volume: 10, Price: 219.83
Day 32: Action: 2, Cash: 229.96, Volume: 10, Price: 220.27
Day 33: Action: 0, Cash: 2432.69, Volume: 0, Price: 223.25
Day 34: Action: 0, Cash: 2432.69, Volume: 0, Price: 224.57
Day 35: Action: 0, Cash: 2432.69, Volume: 0, Price: 224.42
Day 36: Action: 1, Cash: 2432.69, Volume: 0, Price: 225.03
Day 37: Action: 2, Cash: 182.37, Volume: 10.0, Price: 224.92
Day 38: Action: 1, Cash: 2431.59, Volume: 0.0, Price: 223.06
Day 39: Action: 0, Cash: 200.95, Volume: 10.0, Price: 225.36
Day 40: Action: 0, Cash: 200.95, Volume: 10.0, Price: 225.70
Day 41: Action: 0, Cash: 200.95, Volume: 10.0, Price: 226.54
Day 42: Action: 0, Cash: 200.95, Volume: 10.0, Price: 225.01
Day 43: Action: 0, Cash: 200.95, Volume: 10.0, Price: 228.29
Day 44: Action: 0, Cash: 200.95, Volume: 10.0, Price: 227.51
Day 45: Action: 0, Cash: 200.95, Volume: 10.0, Price: 221.32
Day 46: Action: 2, Cash: 200.95, Volume: 10.0, Price: 219.41
Day 47: Action: 0, Cash: 2395.03, Volume: 0.0, Price: 220.93
Day 48: Action: 1, Cash: 2395.03, Volume: 0.0, Price: 219.38
Day 49: Action: 2, Cash: 201.25, Volume: 10.0, Price: 219.47
Day 50: Action: 0, Cash: 2395.93, Volume: 0.0, Price: 218.67
Day 51: Action: 0, Cash: 2395.93, Volume: 0.0, Price: 221.21
Day 52: Action: 0, Cash: 2395.93, Volume: 0.0, Price: 221.32
Day 53: Action: 1, Cash: 2395.93, Volume: 0.0, Price: 221.05
Day 54: Action: 0, Cash: 185.45, Volume: 10.0, Price: 214.91
Day 55: Action: 0, Cash: 185.45, Volume: 10.0, Price: 215.38
Day 56: Action: 0, Cash: 185.45, Volume: 10.0, Price: 219.25
Day 57: Action: 0, Cash: 185.45, Volume: 10.0, Price: 227.38
Day 58: Action: 0, Cash: 185.45, Volume: 10.0, Price: 226.71
Day 59: Action: 0, Cash: 185.45, Volume: 10.0, Price: 224.99
Day 60: Action: 0, Cash: 185.45, Volume: 10.0, Price: 225.89
Day 61: Action: 0, Cash: 185.45, Volume: 10.0, Price: 224.89
Day 62: Action: 0, Cash: 185.45, Volume: 10.0, Price: 226.04
Day 63: Action: 0, Cash: 185.45, Volume: 10.0, Price: 226.30
Day 64: Action: 2, Cash: 185.45, Volume: 10.0, Price: 231.48
Day 65: Action: 0, Cash: 2500.24, Volume: 0.0, Price: 224.73
Day 66: Action: 1, Cash: 2500.24, Volume: 0.0, Price: 225.30
Day 67: Action: 0, Cash: 247.24, Volume: 10.0, Price: 224.20
Day 68: Action: 0, Cash: 247.24, Volume: 10.0, Price: 225.32
Day 69: Action: 0, Cash: 247.24, Volume: 10.0, Price: 220.24
Day 70: Action: 2, Cash: 247.24, Volume: 10.0, Price: 224.30
Day 71: Action: 0, Cash: 2490.21, Volume: 0.0, Price: 228.04
Day 72: Action: 1, Cash: 2490.21, Volume: 0.0, Price: 227.55
Day 73: Action: 2, Cash: 214.76, Volume: 10.0, Price: 226.07
Day 74: Action: 0, Cash: 2475.41, Volume: 0.0, Price: 229.79
Day 75: Action: 0, Cash: 2475.41, Volume: 0.0, Price: 232.32
Day 76: Action: 0, Cash: 2475.41, Volume: 0.0, Price: 230.27
Day 77: Action: 0, Cash: 2475.41, Volume: 0.0, Price: 230.63
Day 78: Action: 0, Cash: 2475.41, Volume: 0.0, Price: 233.47
Day 79: Action: 0, Cash: 2475.41, Volume: 0.0, Price: 234.94
Day 80: Action: 0, Cash: 2475.41, Volume: 0.0, Price: 234.32
Day 81: Action: 0, Cash: 2475.41, Volume: 0.0, Price: 229.25
Day 82: Action: 0, Cash: 2475.41, Volume: 0.0, Price: 229.07
Day 83: Action: 0, Cash: 2475.41, Volume: 0.0, Price: 229.90
Day 84: Action: 1, Cash: 2475.41, Volume: 0.0, Price: 231.88
Day 85: Action: 0, Cash: 156.64, Volume: 10.0, Price: 232.15
Day 86: Action: 0, Cash: 156.64, Volume: 10.0, Price: 228.60
Day 87: Action: 0, Cash: 156.64, Volume: 10.0, Price: 224.44
Day 88: Action: 2, Cash: 156.64, Volume: 10.0, Price: 221.46
Day 89: Action: 0, Cash: 2371.19, Volume: 0.0, Price: 220.56
Day 90: Action: 1, Cash: 2371.19, Volume: 0.0, Price: 221.99
Day 91: Action: 0, Cash: 151.27, Volume: 10.0, Price: 221.27
Day 92: Action: 0, Cash: 151.27, Volume: 10.0, Price: 226.00
Day 93: Action: 0, Cash: 151.27, Volume: 10.0, Price: 225.73
Day 94: Action: 0, Cash: 151.27, Volume: 10.0, Price: 223.01
Day 95: Action: 0, Cash: 151.27, Volume: 10.0, Price: 223.01
Day 96: Action: 2, Cash: 151.27, Volume: 10.0, Price: 223.90
Day 97: Action: 1, Cash: 2390.24, Volume: 0.0, Price: 226.98
Day 98: Action: 2, Cash: 120.44, Volume: 10.0, Price: 223.78
Day 99: Action: 1, Cash: 2358.22, Volume: 0.0, Price: 226.78
Day 100: Action: 0, Cash: 90.41, Volume: 10.0, Price: 227.04
Day 101: Action: 0, Cash: 90.41, Volume: 10.0, Price: 227.76
Day 102: Action: 0, Cash: 90.41, Volume: 10.0, Price: 227.28
Day 103: Action: 0, Cash: 90.41, Volume: 10.0, Price: 228.62
Day 104: Action: 2, Cash: 90.41, Volume: 10.0, Price: 231.60
Day 105: Action: 1, Cash: 2406.45, Volume: 0.0, Price: 233.78
Day 106: Action: 0, Cash: 68.63, Volume: 10.0, Price: 233.65
Day 107: Action: 0, Cash: 68.63, Volume: 10.0, Price: 236.04
Day 108: Action: 0, Cash: 68.63, Volume: 10.0, Price: 238.29
Day 109: Action: 0, Cash: 68.63, Volume: 10.0, Price: 241.33
Day 110: Action: 0, Cash: 68.63, Volume: 10.0, Price: 241.69
Day 111: Action: 0, Cash: 68.63, Volume: 10.0, Price: 241.72
Day 112: Action: 0, Cash: 68.63, Volume: 10.0, Price: 241.52
Day 113: Action: 0, Cash: 68.63, Volume: 10.0, Price: 245.41
Day 114: Action: 0, Cash: 68.63, Volume: 10.0, Price: 246.42
Day 115: Action: 0, Cash: 68.63, Volume: 10.0, Price: 245.15
Day 116: Action: 0, Cash: 68.63, Volume: 10.0, Price: 246.61
Day 117: Action: 0, Cash: 68.63, Volume: 10.0, Price: 246.78
Day 118: Action: 2, Cash: 68.63, Volume: 10.0, Price: 249.68
Day 119: Action: 0, Cash: 2565.39, Volume: 0.0, Price: 252.10
Day 120: Action: 1, Cash: 2565.39, Volume: 0.0, Price: 246.70
Day 121: Action: 2, Cash: 98.36, Volume: 10.0, Price: 248.43
Day 122: Action: 1, Cash: 2582.69, Volume: 0.0, Price: 253.11
Day 123: Action: 2, Cash: 51.62, Volume: 10.0, Price: 253.88
Day 124: Action: 1, Cash: 2590.45, Volume: 0.0, Price: 256.80
Day 125: Action: 2, Cash: 22.48, Volume: 10.0, Price: 257.61
Day 126: Action: 1, Cash: 2598.60, Volume: 0.0, Price: 254.20
Day 127: Action: 2, Cash: 56.59, Volume: 10.0, Price: 250.83
Day 128: Action: 0, Cash: 2564.89, Volume: 0.0, Price: 249.06
Day 129: Action: 1, Cash: 2564.89, Volume: 0.0, Price: 242.53
Day 130: Action: 2, Cash: 139.64, Volume: 10.0, Price: 242.04
Day 131: Action: 0, Cash: 2560.02, Volume: 0.0, Price: 243.67
Day 132: Action: 0, Cash: 2560.02, Volume: 0.0, Price: 240.89
Day 133: Action: 0, Cash: 2560.02, Volume: 0.0, Price: 241.38
Day 134: Action: 1, Cash: 2560.02, Volume: 0.0, Price: 235.56
Day 135: Action: 0, Cash: 204.38, Volume: 10.0, Price: 233.13
Day 136: Action: 0, Cash: 204.38, Volume: 10.0, Price: 232.01
Day 137: Action: 0, Cash: 204.38, Volume: 10.0, Price: 236.58
Day 138: Action: 0, Cash: 204.38, Volume: 10.0, Price: 227.02
Day 139: Action: 2, Cash: 204.38, Volume: 10.0, Price: 228.73
Day 140: Action: 1, Cash: 2491.69, Volume: 0.0, Price: 221.43
Day 141: Action: 2, Cash: 277.38, Volume: 10.0, Price: 222.61
Day 142: Action: 1, Cash: 2503.52, Volume: 0.0, Price: 222.44
Day 143: Action: 0, Cash: 279.08, Volume: 10.0, Price: 221.57
Day 144: Action: 2, Cash: 279.08, Volume: 10.0, Price: 228.61
Day 145: Action: 0, Cash: 2565.19, Volume: 0.0, Price: 236.97
Day 146: Action: 0, Cash: 2565.19, Volume: 0.0, Price: 238.06
Day 147: Action: 1, Cash: 2565.19, Volume: 0.0, Price: 236.30
Day 148: Action: 0, Cash: 202.19, Volume: 10.0, Price: 234.72
Day 149: Action: 2, Cash: 202.19, Volume: 10.0, Price: 226.77
Day 150: Action: 0, Cash: 2469.91, Volume: 0.0, Price: 231.54
Day 151: Action: 0, Cash: 2469.91, Volume: 0.0, Price: 231.21
Day 152: Action: 0, Cash: 2469.91, Volume: 0.0, Price: 231.95
Day 153: Action: 0, Cash: 2469.91, Volume: 0.0, Price: 226.39
Day 154: Action: 0, Cash: 2469.91, Volume: 0.0, Price: 226.66
Day 155: Action: 0, Cash: 2469.91, Volume: 0.0, Price: 231.61
Day 156: Action: 0, Cash: 2469.91, Volume: 0.0, Price: 235.84
Day 157: Action: 0, Cash: 2469.91, Volume: 0.0, Price: 240.48
Day 158: Action: 0, Cash: 2469.91, Volume: 0.0, Price: 243.54
Day 159: Action: 1, Cash: 2469.91, Volume: 0.0, Price: 243.41
Day 160: Action: 0, Cash: 35.82, Volume: 10.0, Price: 243.81
Day 161: Action: 0, Cash: 35.82, Volume: 10.0, Price: 244.76
Day 162: Action: 0, Cash: 35.82, Volume: 10.0, Price: 244.48
Day 163: Action: 2, Cash: 35.82, Volume: 10.0, Price: 246.03
Day 164: Action: 0, Cash: 2496.09, Volume: 0.0, Price: 245.97
Day 165: Action: 1, Cash: 2496.09, Volume: 0.0, Price: 239.32
Day 166: Action: 0, Cash: 102.92, Volume: 10.0, Price: 236.27
Day 167: Action: 0, Cash: 102.92, Volume: 10.0, Price: 240.79
Day 168: Action: 0, Cash: 102.92, Volume: 10.0, Price: 237.00
Day 169: Action: 0, Cash: 102.92, Volume: 10.0, Price: 234.91
Day 170: Action: 0, Cash: 102.92, Volume: 10.0, Price: 234.72
Day 171: Action: 2, Cash: 102.92, Volume: 10.0, Price: 234.31
Day 172: Action: 1, Cash: 2446.01, Volume: 0.0, Price: 238.03
Day 173: Action: 0, Cash: 65.69, Volume: 10.0, Price: 226.49
Day 174: Action: 0, Cash: 65.69, Volume: 10.0, Price: 219.88
Day 175: Action: 0, Cash: 65.69, Volume: 10.0, Price: 216.04
Day 176: Action: 0, Cash: 65.69, Volume: 10.0, Price: 208.77
Day 177: Action: 0, Cash: 65.69, Volume: 10.0, Price: 212.56
Day 178: Action: 0, Cash: 65.69, Volume: 10.0, Price: 213.07
Day 179: Action: 2, Cash: 65.69, Volume: 10.0, Price: 211.77
Day 180: Action: 0, Cash: 2183.36, Volume: 0.0, Price: 214.31
Day 181: Action: 1, Cash: 2183.36, Volume: 0.0, Price: 213.17
Day 182: Action: 0, Cash: 51.65, Volume: 10.0, Price: 217.32
Day 183: Action: 0, Cash: 51.65, Volume: 10.0, Price: 219.77
Day 184: Action: 0, Cash: 51.65, Volume: 10.0, Price: 222.78
Day 185: Action: 2, Cash: 51.65, Volume: 10.0, Price: 220.57
Day 186: Action: 0, Cash: 2257.33, Volume: 0.0, Price: 222.88
Day 187: Action: 0, Cash: 2257.33, Volume: 0.0, Price: 216.95
Day 188: Action: 0, Cash: 2257.33, Volume: 0.0, Price: 221.17
Day 189: Action: 0, Cash: 2257.33, Volume: 0.0, Price: 222.22
Day 190: Action: 0, Cash: 2257.33, Volume: 0.0, Price: 222.92
Day 191: Action: 1, Cash: 2257.33, Volume: 0.0, Price: 202.31
Day 192: Action: 0, Cash: 234.25, Volume: 10.0, Price: 187.56
Day 193: Action: 0, Cash: 234.25, Volume: 10.0, Price: 180.67
Day 194: Action: 0, Cash: 234.25, Volume: 10.0, Price: 171.67
Day 195: Action: 0, Cash: 234.25, Volume: 10.0, Price: 197.99
Day 196: Action: 0, Cash: 234.25, Volume: 10.0, Price: 189.59
Day 197: Action: 0, Cash: 234.25, Volume: 10.0, Price: 197.29
Day 198: Action: 0, Cash: 234.25, Volume: 10.0, Price: 201.64
Day 199: Action: 1, Cash: 234.25, Volume: 10.0, Price: 201.26
Day 200: Action: 0, Cash: 32.99, Volume: 11.0, Price: 193.43
Day 201: Action: 2, Cash: 32.99, Volume: 11.0, Price: 196.13
Day 202: Action: 0, Cash: 1994.24, Volume: 1.0, Price: 192.32
Day 203: Action: 0, Cash: 1994.24, Volume: 1.0, Price: 198.87
Day 204: Action: 2, Cash: 1994.24, Volume: 1.0, Price: 203.71
Day 205: Action: 0, Cash: 2197.95, Volume: 0.0, Price: 207.47
Day 206: Action: 0, Cash: 2197.95, Volume: 0.0, Price: 208.37
Day 207: Action: 1, Cash: 2197.95, Volume: 0.0, Price: 209.23
Day 208: Action: 1, Cash: 105.67, Volume: 10.0, Price: 210.29
Day 209: Action: 1, Cash: 105.67, Volume: 10.0, Price: 211.58
Day 210: Action: 0, Cash: 105.67, Volume: 10.0, Price: 212.39
Day 211: Action: 0, Cash: 105.67, Volume: 10.0, Price: 204.46
Day 212: Action: 0, Cash: 105.67, Volume: 10.0, Price: 198.03
Day 213: Action: 0, Cash: 105.67, Volume: 10.0, Price: 197.65
Day 214: Action: 2, Cash: 105.67, Volume: 10.0, Price: 195.40
Day 215: Action: 1, Cash: 2059.66, Volume: 0.0, Price: 196.63
Day 216: Action: 0, Cash: 93.33, Volume: 10.0, Price: 197.67
Day 217: Action: 0, Cash: 93.33, Volume: 10.0, Price: 210.15
Day 218: Action: 2, Cash: 93.33, Volume: 10.0, Price: 212.28
Day 219: Action: 0, Cash: 2216.17, Volume: 0.0, Price: 211.69
Day 220: Action: 0, Cash: 2216.17, Volume: 0.0, Price: 210.81
Day 221: Action: 0, Cash: 2216.17, Volume: 0.0, Price: 210.62
Day 222: Action: 1, Cash: 2216.17, Volume: 0.0, Price: 208.15
Day 223: Action: 0, Cash: 134.70, Volume: 10.0, Price: 206.23
Day 224: Action: 0, Cash: 134.70, Volume: 10.0, Price: 201.48
Day 225: Action: 2, Cash: 134.70, Volume: 10.0, Price: 200.75
Day 226: Action: 1, Cash: 2142.19, Volume: 0.0, Price: 194.68
Day 227: Action: 2, Cash: 195.41, Volume: 10.0, Price: 199.60
Day 228: Action: 0, Cash: 2191.44, Volume: 0.0, Price: 199.81
Day 229: Action: 1, Cash: 2191.44, Volume: 0.0, Price: 199.34
Day 230: Action: 0, Cash: 198.01, Volume: 10.0, Price: 200.24
Day 231: Action: 0, Cash: 198.01, Volume: 10.0, Price: 201.09
Day 232: Action: 2, Cash: 198.01, Volume: 10.0, Price: 202.65
Day 233: Action: 0, Cash: 2224.54, Volume: 0.0, Price: 202.20
Day 234: Action: 0, Cash: 2224.54, Volume: 0.0, Price: 200.02
Day 235: Action: 1, Cash: 2224.54, Volume: 0.0, Price: 203.30
Day 236: Action: 0, Cash: 191.53, Volume: 10.0, Price: 200.84
Day 237: Action: 0, Cash: 191.53, Volume: 10.0, Price: 202.06
Day 238: Action: 0, Cash: 191.53, Volume: 10.0, Price: 198.18
Day 239: Action: 0, Cash: 191.53, Volume: 10.0, Price: 198.60
Day 240: Action: 0, Cash: 191.53, Volume: 10.0, Price: 195.85
Day 241: Action: 2, Cash: 191.53, Volume: 10.0, Price: 197.82
Day 242: Action: 0, Cash: 2169.71, Volume: 0.0, Price: 195.05
Day 243: Action: 0, Cash: 2169.71, Volume: 0.0, Price: 195.98
Day 244: Action: 0, Cash: 2169.71, Volume: 0.0, Price: 200.39
Day 245: Action: 0, Cash: 2169.71, Volume: 0.0, Price: 200.89
Day 246: Action: 0, Cash: 2169.71, Volume: 0.0, Price: 199.69
Day 247: Action: 0, Cash: 2169.71, Volume: 0.0, Price: 200.95
Day 248: Action: 0, Cash: 2169.71, Volume: 0.0, Price: 200.39
Day 249: Action: 0, Cash: 2169.71, Volume: 0.0, Price: 200.47
Day 250: Action: 0, Cash: 2169.71, Volume: 0.0, Price: 204.55
Day 251: Action: 1, Cash: 2169.71, Volume: 0.0, Price: 207.19
Day 252: Action: 0, Cash: 97.81, Volume: 10.0, Price: 211.80
Day 253: Action: 0, Cash: 97.81, Volume: 10.0, Price: 212.90
Day 254: Action: 2, Cash: 97.81, Volume: 10.0, Price: 209.31
Day 255: Action: 0, Cash: 2190.94, Volume: 0.0, Price: 209.37
Day 256: Action: 1, Cash: 2190.94, Volume: 0.0, Price: 210.50
Day 257: Action: 0, Cash: 85.95, Volume: 10.0, Price: 211.77
Day 258: Action: 2, Cash: 85.95, Volume: 10.0, Price: 210.52
Day 259: Action: 0, Cash: 2191.14, Volume: 0.0, Price: 207.99
Day 260: Action: 0, Cash: 2191.14, Volume: 0.0, Price: 208.48
Day 261: Action: 0, Cash: 2191.14, Volume: 0.0, Price: 209.52
Day 262: Action: 1, Cash: 2191.14, Volume: 0.0, Price: 209.38
Day 263: Action: 0, Cash: 97.31, Volume: 10.0, Price: 210.54
Day 264: Action: 0, Cash: 97.31, Volume: 10.0, Price: 211.84
Day 265: Action: 0, Cash: 97.31, Volume: 10.0, Price: 213.75
Day 266: Action: 0, Cash: 97.31, Volume: 10.0, Price: 213.50
Day 267: Action: 0, Cash: 97.31, Volume: 10.0, Price: 213.11
Day 268: Action: 0, Cash: 97.31, Volume: 10.0, Price: 213.23
Day 269: Action: 0, Cash: 97.31, Volume: 10.0, Price: 213.40
Day 270: Action: 0, Cash: 97.31, Volume: 10.0, Price: 210.63
Day 271: Action: 0, Cash: 97.31, Volume: 10.0, Price: 208.42
Day 272: Action: 2, Cash: 97.31, Volume: 10.0, Price: 206.94
Day 273: Action: 1, Cash: 2166.72, Volume: 0.0, Price: 201.77
Day 274: Action: 0, Cash: 149.06, Volume: 10.0, Price: 202.73
Day 275: Action: 2, Cash: 149.06, Volume: 10.0, Price: 202.30
Day 276: Action: 0, Cash: 2172.10, Volume: 0.0, Price: 212.60
Day 277: Action: 0, Cash: 2172.10, Volume: 0.0, Price: 219.36
Day 278: Action: 0, Cash: 2172.10, Volume: 0.0, Price: 228.65
Day 279: Action: 0, Cash: 2172.10, Volume: 0.0, Price: 226.75
Day 280: Action: 1, Cash: 2172.10, Volume: 0.0, Price: 229.21
Day 281: Action: 0, Cash: 109.18, Volume: 9.0, Price: 232.89
Day 282: Action: 0, Cash: 109.18, Volume: 9.0, Price: 232.34
Day 283: Action: 0, Cash: 109.18, Volume: 9.0, Price: 231.15
Day 284: Action: 0, Cash: 109.18, Volume: 9.0, Price: 230.45
Day 285: Action: 0, Cash: 109.18, Volume: 9.0, Price: 230.12
Day 286: Action: 2, Cash: 109.18, Volume: 9.0, Price: 225.58
Day 287: Action: 0, Cash: 2139.40, Volume: 0.0, Price: 224.47
Day 288: Action: 0, Cash: 2139.40, Volume: 0.0, Price: 227.33
Day 289: Action: 0, Cash: 2139.40, Volume: 0.0, Price: 226.73
Day 290: Action: 1, Cash: 2139.40, Volume: 0.0, Price: 228.87
Day 291: Action: 0, Cash: 79.54, Volume: 9.0, Price: 230.05
Day 292: Action: 0, Cash: 79.54, Volume: 9.0, Price: 232.12
Day 293: Action: 0, Cash: 79.54, Volume: 9.0, Price: 231.70
Day 294: Action: 0, Cash: 79.54, Volume: 9.0, Price: 229.28
Day 295: Action: 0, Cash: 79.54, Volume: 9.0, Price: 238.02
Day 296: Action: 0, Cash: 79.54, Volume: 9.0, Price: 239.32
Day 297: Action: 0, Cash: 79.54, Volume: 9.0, Price: 239.23
Day 298: Action: 0, Cash: 79.54, Volume: 9.0, Price: 237.43
Day 299: Action: 2, Cash: 79.54, Volume: 9.0, Price: 233.90
Day 300: Action: 1, Cash: 2184.68, Volume: 0.0, Price: 226.36
Day 301: Action: 0, Cash: 147.45, Volume: 9.0, Price: 229.59
Day 302: Action: 0, Cash: 147.45, Volume: 9.0, Price: 233.62
Day 303: Action: 0, Cash: 147.45, Volume: 9.0, Price: 236.25
Day 304: Action: 0, Cash: 147.45, Volume: 9.0, Price: 237.70
Day 305: Action: 0, Cash: 147.45, Volume: 9.0, Price: 238.54
Day 306: Action: 0, Cash: 147.45, Volume: 9.0, Price: 237.43
Day 307: Action: 0, Cash: 147.45, Volume: 9.0, Price: 245.03
Day 308: Action: 0, Cash: 147.45, Volume: 9.0, Price: 255.59
Day 309: Action: 0, Cash: 147.45, Volume: 9.0, Price: 253.95
Day 310: Action: 2, Cash: 147.45, Volume: 9.0, Price: 251.83
Day 311: Action: 1, Cash: 2413.92, Volume: 0.0, Price: 256.38
Day 312: Action: 0, Cash: 106.49, Volume: 9.0, Price: 254.97
Day 313: Action: 0, Cash: 106.49, Volume: 9.0, Price: 253.95
Day 314: Action: 0, Cash: 106.49, Volume: 9.0, Price: 254.15
Day 315: Action: 0, Cash: 106.49, Volume: 9.0, Price: 254.96
Day 316: Action: 0, Cash: 106.49, Volume: 9.0, Price: 256.64
Day 317: Action: 0, Cash: 106.49, Volume: 9.0, Price: 257.53
Day 318: Action: 0, Cash: 106.49, Volume: 9.0, Price: 256.20
Day 319: Action: 2, Cash: 106.49, Volume: 9.0, Price: 255.99
Day 320: Action: 1, Cash: 2410.42, Volume: 0.0, Price: 257.57
Day 321: Action: 0, Cash: 92.29, Volume: 9.0, Price: 253.56
Day 322: Action: 0, Cash: 92.29, Volume: 9.0, Price: 244.80
Day 323: Action: 0, Cash: 92.29, Volume: 9.0, Price: 247.19
Day 324: Action: 0, Cash: 92.29, Volume: 9.0, Price: 247.30
Day 325: Action: 2, Cash: 92.29, Volume: 9.0, Price: 248.87
Day 326: Action: 1, Cash: 2332.09, Volume: 0.0, Price: 246.98
Day 327: Action: 0, Cash: 109.27, Volume: 9.0, Price: 251.81
Day 328: Action: 0, Cash: 109.27, Volume: 9.0, Price: 261.74
Day 329: Action: 0, Cash: 109.27, Volume: 9.0, Price: 262.27
Day 330: Action: 0, Cash: 109.27, Volume: 9.0, Price: 257.96
Day 331: Action: 0, Cash: 109.27, Volume: 9.0, Price: 259.09
Day 332: Action: 0, Cash: 109.27, Volume: 9.0, Price: 262.32
Day 333: Action: 0, Cash: 109.27, Volume: 9.0, Price: 268.30
Day 334: Action: 0, Cash: 109.27, Volume: 9.0, Price: 268.49
Day 335: Action: 2, Cash: 109.27, Volume: 9.0, Price: 269.19
Day 336: Action: 1, Cash: 2531.95, Volume: 0.0, Price: 270.88
Day 337: Action: 2, Cash: 94.00, Volume: 9.0, Price: 269.86
Day 338: Action: 0, Cash: 2522.70, Volume: 0.0, Price: 268.54
Day 339: Action: 0, Cash: 2522.70, Volume: 0.0, Price: 269.53
Day 340: Action: 0, Cash: 2522.70, Volume: 0.0, Price: 269.63
Day 341: Action: 0, Cash: 2522.70, Volume: 0.0, Price: 269.26
Day 342: Action: 0, Cash: 2522.70, Volume: 0.0, Price: 267.96
Day 343: Action: 0, Cash: 2522.70, Volume: 0.0, Price: 269.18
Day 344: Action: 1, Cash: 2522.70, Volume: 0.0, Price: 274.99
Day 345: Action: 0, Cash: 47.77, Volume: 9.0, Price: 273.21
Day 346: Action: 0, Cash: 47.77, Volume: 9.0, Price: 272.69
Day 347: Action: 0, Cash: 47.77, Volume: 9.0, Price: 272.16
Day 348: Action: 0, Cash: 47.77, Volume: 9.0, Price: 267.21
Day 349: Action: 0, Cash: 47.77, Volume: 9.0, Price: 267.19
Day 350: Action: 0, Cash: 47.77, Volume: 9.0, Price: 268.31
Day 351: Action: 2, Cash: 47.77, Volume: 9.0, Price: 266.00
Day 352: Action: 1, Cash: 2441.78, Volume: 0.0, Price: 271.24
Day 353: Action: 0, Cash: 0.65, Volume: 9.0, Price: 275.66
Day 354: Action: 0, Cash: 0.65, Volume: 9.0, Price: 276.71
Day 355: Action: 2, Cash: 0.65, Volume: 9.0, Price: 277.29
Day 356: Action: 0, Cash: 2496.27, Volume: 0.0, Price: 278.59
Day 357: Action: 0, Cash: 2496.27, Volume: 0.0, Price: 282.84
Day 358: Action: 0, Cash: 2496.27, Volume: 0.0, Price: 285.92
Day 359: Action: 0, Cash: 2496.27, Volume: 0.0, Price: 283.88
Day 360: Action: 1, Cash: 2496.27, Volume: 0.0, Price: 280.44
Day 361: Action: 0, Cash: 252.77, Volume: 8.0, Price: 278.52
Day 362: Action: 0, Cash: 252.77, Volume: 8.0, Price: 277.63
Day 363: Action: 0, Cash: 252.77, Volume: 8.0, Price: 276.92
Day 364: Action: 0, Cash: 252.77, Volume: 8.0, Price: 278.52
Day 365: Action: 2, Cash: 252.77, Volume: 8.0, Price: 277.77
Day 366: Action: 0, Cash: 2474.93, Volume: 0.0, Price: 278.02
Day 367: Action: 0, Cash: 2474.93, Volume: 0.0, Price: 273.85
Day 368: Action: 0, Cash: 2474.93, Volume: 0.0, Price: 274.35
Day 369: Action: 0, Cash: 2474.93, Volume: 0.0, Price: 271.59
Day 370: Action: 0, Cash: 2474.93, Volume: 0.0, Price: 271.94
Day 371: Action: 0, Cash: 2474.93, Volume: 0.0, Price: 273.41
Day 372: Action: 1, Cash: 2474.93, Volume: 0.0, Price: 270.72
Day 373: Action: 2, Cash: 38.48, Volume: 9.0, Price: 272.11
Day 374: Action: 1, Cash: 2487.43, Volume: 0.0, Price: 273.55
Day 375: Action: 2, Cash: 25.44, Volume: 9.0, Price: 273.14
Day 376: Action: 1, Cash: 2483.74, Volume: 0.0, Price: 273.50
Day 377: Action: 0, Cash: 22.20, Volume: 9.0, Price: 272.82
Day 378: Action: 0, Cash: 22.20, Volume: 9.0, Price: 271.61
Day 379: Action: 0, Cash: 22.20, Volume: 9.0, Price: 270.76
Day 380: Action: 2, Cash: 22.20, Volume: 9.0, Price: 267.01
Day 381: Action: 0, Cash: 2425.29, Volume: 0.0, Price: 262.11
Day 382: Action: 0, Cash: 2425.29, Volume: 0.0, Price: 260.09
Day 383: Action: 1, Cash: 2425.29, Volume: 0.0, Price: 258.80
Day 384: Action: 0, Cash: 96.11, Volume: 9.0, Price: 259.13
Day 385: Action: 0, Cash: 96.11, Volume: 9.0, Price: 260.01
Day 386: Action: 0, Cash: 96.11, Volume: 9.0, Price: 260.81
Day 387: Action: 2, Cash: 96.11, Volume: 9.0, Price: 259.72
Day 388: Action: 0, Cash: 2433.57, Volume: 0.0, Price: 257.97
Day 389: Action: 0, Cash: 2433.57, Volume: 0.0, Price: 255.29
Day 390: Action: 1, Cash: 2433.57, Volume: 0.0, Price: 246.47
Day 391: Action: 0, Cash: 215.34, Volume: 9.0, Price: 247.42
Day 392: Action: 2, Cash: 215.34, Volume: 9.0, Price: 248.12
Day 393: Action: 1, Cash: 2448.40, Volume: 0.0, Price: 247.81
Day 394: Action: 0, Cash: 218.13, Volume: 9.0, Price: 255.17
Day 395: Action: 0, Cash: 218.13, Volume: 9.0, Price: 258.03
Day 396: Action: 0, Cash: 218.13, Volume: 9.0, Price: 256.20
Day 397: Action: 0, Cash: 218.13, Volume: 9.0, Price: 258.04
Day 398: Action: 0, Cash: 218.13, Volume: 9.0, Price: 259.24
Day 399: Action: 0, Cash: 218.13, Volume: 9.0, Price: 269.76
Day 400: Action: 2, Cash: 218.13, Volume: 9.0, Price: 269.23
Day 401: Action: 0, Cash: 2641.18, Volume: 0.0, Price: 276.23
Day 402: Action: 0, Cash: 2641.18, Volume: 0.0, Price: 275.65
Day 403: Action: 0, Cash: 2641.18, Volume: 0.0, Price: 277.86
Day 404: Action: 0, Cash: 2641.18, Volume: 0.0, Price: 274.62
Day 405: Action: 1, Cash: 2641.18, Volume: 0.0, Price: 273.68
Day 406: Action: 0, Cash: 178.06, Volume: 9.0, Price: 275.50
Day 407: Action: 0, Cash: 178.06, Volume: 9.0, Price: 261.73
Day 408: Action: 0, Cash: 178.06, Volume: 9.0, Price: 255.78
Day 409: Action: 0, Cash: 178.06, Volume: 9.0, Price: 263.88
Day 410: Action: 0, Cash: 178.06, Volume: 9.0, Price: 264.35
Day 411: Action: 0, Cash: 178.06, Volume: 9.0, Price: 260.58
Day 412: Action: 0, Cash: 178.06, Volume: 9.0, Price: 264.58
Day 413: Action: 0, Cash: 178.06, Volume: 9.0, Price: 266.18
Day 414: Action: 0, Cash: 178.06, Volume: 9.0, Price: 272.14
Day 415: Action: 0, Cash: 178.06, Volume: 9.0, Price: 274.23
Day 416: Action: 0, Cash: 178.06, Volume: 9.0, Price: 272.95
Day 417: Action: 0, Cash: 178.06, Volume: 9.0, Price: 264.18
Day 418: Action: 0, Cash: 178.06, Volume: 9.0, Price: 264.72
Day 419: Action: 2, Cash: 178.06, Volume: 9.0, Price: 263.75
Day 420: Action: 0, Cash: 2551.81, Volume: 0.0, Price: 262.52
Day 421: Action: 0, Cash: 2551.81, Volume: 0.0, Price: 260.29
Day 422: Action: 1, Cash: 2551.81, Volume: 0.0, Price: 257.46
Day 423: Action: 0, Cash: 234.67, Volume: 9.0, Price: 259.88
Day 424: Action: 0, Cash: 234.67, Volume: 9.0, Price: 260.83
Day 425: Action: 0, Cash: 234.67, Volume: 9.0, Price: 260.81
Day 426: Action: 0, Cash: 234.67, Volume: 9.0, Price: 255.76
Day 427: Action: 0, Cash: 234.67, Volume: 9.0, Price: 250.12
Day 428: Action: 0, Cash: 234.67, Volume: 9.0, Price: 252.82
Day 429: Action: 0, Cash: 234.67, Volume: 9.0, Price: 254.23
Day 430: Action: 0, Cash: 234.67, Volume: 9.0, Price: 249.94
Day 431: Action: 0, Cash: 234.67, Volume: 9.0, Price: 248.96
Day 432: Action: 0, Cash: 234.67, Volume: 9.0, Price: 247.99
Day 433: Action: 2, Cash: 234.67, Volume: 9.0, Price: 251.49

Final portfolio value:    2498.08
Baseline (buy & hold):   2927.98
Profit over baseline:    -429.90

==================== MSFT ====================
Day 1: Action: 0, Cash: 2500.00, Volume: 0, Price: 450.64
Day 2: Action: 1, Cash: 2500.00, Volume: 0, Price: 453.15
Day 3: Action: 0, Cash: 234.23, Volume: 5.0, Price: 454.62
Day 4: Action: 2, Cash: 234.23, Volume: 5.0, Price: 461.32
Day 5: Action: 0, Cash: 2540.85, Volume: 0.0, Price: 460.02
Day 6: Action: 0, Cash: 2540.85, Volume: 0.0, Price: 453.41
Day 7: Action: 0, Cash: 2540.85, Volume: 0.0, Price: 460.03
Day 8: Action: 0, Cash: 2540.85, Volume: 0.0, Price: 448.63
Day 9: Action: 0, Cash: 2540.85, Volume: 0.0, Price: 447.50
Day 10: Action: 0, Cash: 2540.85, Volume: 0.0, Price: 447.90
Day 11: Action: 0, Cash: 2540.85, Volume: 0.0, Price: 443.52
Day 12: Action: 1, Cash: 2540.85, Volume: 0.0, Price: 437.60
Day 13: Action: 0, Cash: 352.83, Volume: 5.0, Price: 434.50
Day 14: Action: 0, Cash: 352.83, Volume: 5.0, Price: 431.28
Day 15: Action: 2, Cash: 352.83, Volume: 5.0, Price: 437.03
Day 16: Action: 1, Cash: 2537.99, Volume: 0.0, Price: 438.92
Day 17: Action: 0, Cash: 343.41, Volume: 5.0, Price: 423.18
Day 18: Action: 0, Cash: 343.41, Volume: 5.0, Price: 412.82
Day 19: Action: 2, Cash: 343.41, Volume: 5.0, Price: 419.60
Day 20: Action: 0, Cash: 2441.39, Volume: 0.0, Price: 421.04
Day 21: Action: 1, Cash: 2441.39, Volume: 0.0, Price: 417.28
Day 22: Action: 2, Cash: 355.00, Volume: 5.0, Price: 412.77
Day 23: Action: 1, Cash: 2418.85, Volume: 0.0, Price: 411.55
Day 24: Action: 2, Cash: 361.12, Volume: 5.0, Price: 403.04
Day 25: Action: 1, Cash: 2376.32, Volume: 0.0, Price: 389.88
Day 26: Action: 0, Cash: 37.05, Volume: 6.0, Price: 394.28
Day 27: Action: 2, Cash: 37.05, Volume: 6.0, Price: 393.11
Day 28: Action: 0, Cash: 2395.74, Volume: 0.0, Price: 397.32
Day 29: Action: 0, Cash: 2395.74, Volume: 0.0, Price: 400.60
Day 30: Action: 0, Cash: 2395.74, Volume: 0.0, Price: 401.38
Day 31: Action: 0, Cash: 2395.74, Volume: 0.0, Price: 408.49
Day 32: Action: 1, Cash: 2395.74, Volume: 0.0, Price: 411.30
Day 33: Action: 0, Cash: 339.24, Volume: 5.0, Price: 416.16
Day 34: Action: 0, Cash: 339.24, Volume: 5.0, Price: 413.63
Day 35: Action: 0, Cash: 339.24, Volume: 5.0, Price: 416.66
Day 36: Action: 0, Cash: 339.24, Volume: 5.0, Price: 419.89
Day 37: Action: 0, Cash: 339.24, Volume: 5.0, Price: 419.24
Day 38: Action: 0, Cash: 339.24, Volume: 5.0, Price: 410.75
Day 39: Action: 0, Cash: 339.24, Volume: 5.0, Price: 411.97
Day 40: Action: 0, Cash: 339.24, Volume: 5.0, Price: 408.71
Day 41: Action: 0, Cash: 339.24, Volume: 5.0, Price: 409.06
Day 42: Action: 0, Cash: 339.24, Volume: 5.0, Price: 405.85
Day 43: Action: 0, Cash: 339.24, Volume: 5.0, Price: 408.34
Day 44: Action: 0, Cash: 339.24, Volume: 5.0, Price: 412.32
Day 45: Action: 0, Cash: 339.24, Volume: 5.0, Price: 404.71
Day 46: Action: 0, Cash: 339.24, Volume: 5.0, Price: 404.17
Day 47: Action: 0, Cash: 339.24, Volume: 5.0, Price: 403.67
Day 48: Action: 0, Cash: 339.24, Volume: 5.0, Price: 397.06
Day 49: Action: 2, Cash: 339.24, Volume: 5.0, Price: 401.03
Day 50: Action: 0, Cash: 2344.39, Volume: 0.0, Price: 409.41
Day 51: Action: 0, Cash: 2344.39, Volume: 0.0, Price: 418.15
Day 52: Action: 0, Cash: 2344.39, Volume: 0.0, Price: 422.06
Day 53: Action: 1, Cash: 2344.39, Volume: 0.0, Price: 425.61
Day 54: Action: 2, Cash: 216.33, Volume: 5.0, Price: 426.35
Day 55: Action: 0, Cash: 2348.10, Volume: 0.0, Price: 430.12
Day 56: Action: 1, Cash: 2348.10, Volume: 0.0, Price: 425.83
Day 57: Action: 0, Cash: 218.95, Volume: 5.0, Price: 433.62
Day 58: Action: 0, Cash: 218.95, Volume: 5.0, Price: 430.24
Day 59: Action: 0, Cash: 218.95, Volume: 5.0, Price: 428.50
Day 60: Action: 0, Cash: 218.95, Volume: 5.0, Price: 424.21
Day 61: Action: 0, Cash: 218.95, Volume: 5.0, Price: 427.11
Day 62: Action: 0, Cash: 218.95, Volume: 5.0, Price: 426.32
Day 63: Action: 0, Cash: 218.95, Volume: 5.0, Price: 423.07
Day 64: Action: 2, Cash: 218.95, Volume: 5.0, Price: 425.32
Day 65: Action: 1, Cash: 2345.58, Volume: 0.0, Price: 415.83
Day 66: Action: 0, Cash: 266.45, Volume: 5.0, Price: 412.31
Day 67: Action: 2, Cash: 266.45, Volume: 5.0, Price: 411.72
Day 68: Action: 1, Cash: 2325.07, Volume: 0.0, Price: 411.25
Day 69: Action: 0, Cash: 268.82, Volume: 5.0, Price: 404.80
Day 70: Action: 0, Cash: 268.82, Volume: 5.0, Price: 409.92
Day 71: Action: 2, Cash: 268.82, Volume: 5.0, Price: 412.63
Day 72: Action: 0, Cash: 2331.99, Volume: 0.0, Price: 411.03
Day 73: Action: 0, Cash: 2331.99, Volume: 0.0, Price: 411.51
Day 74: Action: 0, Cash: 2331.99, Volume: 0.0, Price: 414.29
Day 75: Action: 0, Cash: 2331.99, Volume: 0.0, Price: 413.90
Day 76: Action: 0, Cash: 2331.99, Volume: 0.0, Price: 411.31
Day 77: Action: 0, Cash: 2331.99, Volume: 0.0, Price: 411.90
Day 78: Action: 1, Cash: 2331.99, Volume: 0.0, Price: 413.33
Day 79: Action: 0, Cash: 265.36, Volume: 5.0, Price: 413.94
Day 80: Action: 0, Cash: 265.36, Volume: 5.0, Price: 422.57
Day 81: Action: 0, Cash: 265.36, Volume: 5.0, Price: 419.69
Day 82: Action: 0, Cash: 265.36, Volume: 5.0, Price: 419.82
Day 83: Action: 2, Cash: 265.36, Volume: 5.0, Price: 423.20
Day 84: Action: 1, Cash: 2381.36, Volume: 0.0, Price: 421.66
Day 85: Action: 2, Cash: 273.07, Volume: 5.0, Price: 426.96
Day 86: Action: 0, Cash: 2407.85, Volume: 0.0, Price: 427.53
Day 87: Action: 0, Cash: 2407.85, Volume: 0.0, Price: 401.65
Day 88: Action: 1, Cash: 2407.85, Volume: 0.0, Price: 405.63
Day 89: Action: 0, Cash: 379.72, Volume: 5.0, Price: 403.74
Day 90: Action: 0, Cash: 379.72, Volume: 5.0, Price: 406.70
Day 91: Action: 0, Cash: 379.72, Volume: 5.0, Price: 415.32
Day 92: Action: 0, Cash: 379.72, Volume: 5.0, Price: 420.51
Day 93: Action: 0, Cash: 379.72, Volume: 5.0, Price: 417.65
Day 94: Action: 0, Cash: 379.72, Volume: 5.0, Price: 413.18
Day 95: Action: 0, Cash: 379.72, Volume: 5.0, Price: 418.14
Day 96: Action: 2, Cash: 379.72, Volume: 5.0, Price: 420.28
Day 97: Action: 0, Cash: 2481.14, Volume: 0.0, Price: 421.95
Day 98: Action: 0, Cash: 2481.14, Volume: 0.0, Price: 410.20
Day 99: Action: 1, Cash: 2481.14, Volume: 0.0, Price: 410.95
Day 100: Action: 2, Cash: 15.42, Volume: 6.0, Price: 412.96
Day 101: Action: 0, Cash: 2493.18, Volume: 0.0, Price: 410.69
Day 102: Action: 0, Cash: 2493.18, Volume: 0.0, Price: 408.91
Day 103: Action: 1, Cash: 2493.18, Volume: 0.0, Price: 413.00
Day 104: Action: 0, Cash: 15.16, Volume: 6.0, Price: 414.78
Day 105: Action: 0, Cash: 15.16, Volume: 6.0, Price: 423.89
Day 106: Action: 0, Cash: 15.16, Volume: 6.0, Price: 418.94
Day 107: Action: 0, Cash: 15.16, Volume: 6.0, Price: 419.40
Day 108: Action: 2, Cash: 15.16, Volume: 6.0, Price: 426.85
Day 109: Action: 1, Cash: 2576.26, Volume: 0.0, Price: 427.07
Day 110: Action: 0, Cash: 13.85, Volume: 6.0, Price: 433.23
Day 111: Action: 0, Cash: 13.85, Volume: 6.0, Price: 438.38
Day 112: Action: 2, Cash: 13.85, Volume: 6.0, Price: 439.32
Day 113: Action: 1, Cash: 2649.76, Volume: 0.0, Price: 441.75
Day 114: Action: 0, Cash: 441.04, Volume: 5.0, Price: 439.08
Day 115: Action: 2, Cash: 441.04, Volume: 5.0, Price: 444.69
Day 116: Action: 1, Cash: 2664.47, Volume: 0.0, Price: 445.25
Day 117: Action: 0, Cash: 438.21, Volume: 5.0, Price: 442.98
Day 118: Action: 2, Cash: 438.21, Volume: 5.0, Price: 447.26
Day 119: Action: 0, Cash: 2674.53, Volume: 0.0, Price: 450.10
Day 120: Action: 0, Cash: 2674.53, Volume: 0.0, Price: 433.20
Day 121: Action: 0, Cash: 2674.53, Volume: 0.0, Price: 432.84
Day 122: Action: 0, Cash: 2674.53, Volume: 0.0, Price: 432.42
Day 123: Action: 1, Cash: 2674.53, Volume: 0.0, Price: 431.08
Day 124: Action: 2, Cash: 88.05, Volume: 6.0, Price: 435.12
Day 125: Action: 0, Cash: 2698.77, Volume: 0.0, Price: 433.91
Day 126: Action: 1, Cash: 2698.77, Volume: 0.0, Price: 426.40
Day 127: Action: 0, Cash: 140.35, Volume: 6.0, Price: 420.76
Day 128: Action: 0, Cash: 140.35, Volume: 6.0, Price: 417.46
Day 129: Action: 0, Cash: 140.35, Volume: 6.0, Price: 414.57
Day 130: Action: 0, Cash: 140.35, Volume: 6.0, Price: 419.29
Day 131: Action: 2, Cash: 140.35, Volume: 6.0, Price: 423.75
Day 132: Action: 0, Cash: 2682.84, Volume: 0.0, Price: 418.32
Day 133: Action: 0, Cash: 2682.84, Volume: 0.0, Price: 420.49
Day 134: Action: 0, Cash: 2682.84, Volume: 0.0, Price: 414.94
Day 135: Action: 1, Cash: 2682.84, Volume: 0.0, Price: 413.19
Day 136: Action: 0, Cash: 203.69, Volume: 6.0, Price: 411.69
Day 137: Action: 0, Cash: 203.69, Volume: 6.0, Price: 422.22
Day 138: Action: 2, Cash: 203.69, Volume: 6.0, Price: 420.51
Day 139: Action: 0, Cash: 2726.76, Volume: 0.0, Price: 424.92
Day 140: Action: 0, Cash: 2726.76, Volume: 0.0, Price: 424.39
Day 141: Action: 0, Cash: 2726.76, Volume: 0.0, Price: 441.92
Day 142: Action: 0, Cash: 2726.76, Volume: 0.0, Price: 442.43
Day 143: Action: 0, Cash: 2726.76, Volume: 0.0, Price: 439.80
Day 144: Action: 0, Cash: 2726.76, Volume: 0.0, Price: 430.40
Day 145: Action: 0, Cash: 2726.76, Volume: 0.0, Price: 442.91
Day 146: Action: 0, Cash: 2726.76, Volume: 0.0, Price: 438.09
Day 147: Action: 1, Cash: 2726.76, Volume: 0.0, Price: 411.01
Day 148: Action: 2, Cash: 260.68, Volume: 6.0, Price: 411.08
Day 149: Action: 1, Cash: 2727.18, Volume: 0.0, Price: 406.98
Day 150: Action: 0, Cash: 285.28, Volume: 6.0, Price: 408.42
Day 151: Action: 2, Cash: 285.28, Volume: 6.0, Price: 409.33
Day 152: Action: 1, Cash: 2741.26, Volume: 0.0, Price: 411.84
Day 153: Action: 0, Cash: 270.25, Volume: 6.0, Price: 405.82
Day 154: Action: 2, Cash: 270.25, Volume: 6.0, Price: 408.27
Day 155: Action: 1, Cash: 2719.87, Volume: 0.0, Price: 407.50
Day 156: Action: 2, Cash: 274.88, Volume: 6.0, Price: 405.12
Day 157: Action: 0, Cash: 2705.60, Volume: 0.0, Price: 406.61
Day 158: Action: 0, Cash: 2705.60, Volume: 0.0, Price: 404.52
Day 159: Action: 0, Cash: 2705.60, Volume: 0.0, Price: 405.71
Day 160: Action: 0, Cash: 2705.60, Volume: 0.0, Price: 410.80
Day 161: Action: 0, Cash: 2705.60, Volume: 0.0, Price: 412.97
Day 162: Action: 0, Cash: 2705.60, Volume: 0.0, Price: 405.11
Day 163: Action: 0, Cash: 2705.60, Volume: 0.0, Price: 400.93
Day 164: Action: 1, Cash: 2705.60, Volume: 0.0, Price: 394.88
Day 165: Action: 0, Cash: 336.34, Volume: 6.0, Price: 396.69
Day 166: Action: 2, Cash: 336.34, Volume: 6.0, Price: 389.55
Day 167: Action: 0, Cash: 2673.63, Volume: 0.0, Price: 393.97
Day 168: Action: 1, Cash: 2673.63, Volume: 0.0, Price: 385.54
Day 169: Action: 0, Cash: 360.40, Volume: 6.0, Price: 385.66
Day 170: Action: 2, Cash: 360.40, Volume: 6.0, Price: 397.97
Day 171: Action: 0, Cash: 2748.24, Volume: 0.0, Price: 393.87
Day 172: Action: 1, Cash: 2748.24, Volume: 0.0, Price: 390.32
Day 173: Action: 0, Cash: 15.98, Volume: 7.0, Price: 377.27
Day 174: Action: 0, Cash: 15.98, Volume: 7.0, Price: 377.56
Day 175: Action: 2, Cash: 15.98, Volume: 7.0, Price: 380.36
Day 176: Action: 0, Cash: 2678.49, Volume: 0.0, Price: 375.89
Day 177: Action: 0, Cash: 2678.49, Volume: 0.0, Price: 385.61
Day 178: Action: 1, Cash: 2678.49, Volume: 0.0, Price: 385.75
Day 179: Action: 0, Cash: 364.01, Volume: 6.0, Price: 380.61
Day 180: Action: 0, Cash: 364.01, Volume: 6.0, Price: 384.87
Day 181: Action: 0, Cash: 364.01, Volume: 6.0, Price: 383.90
Day 182: Action: 0, Cash: 364.01, Volume: 6.0, Price: 388.29
Day 183: Action: 0, Cash: 364.01, Volume: 6.0, Price: 390.09
Day 184: Action: 0, Cash: 364.01, Volume: 6.0, Price: 392.16
Day 185: Action: 0, Cash: 364.01, Volume: 6.0, Price: 387.01
Day 186: Action: 0, Cash: 364.01, Volume: 6.0, Price: 387.61
Day 187: Action: 0, Cash: 364.01, Volume: 6.0, Price: 375.92
Day 188: Action: 0, Cash: 364.01, Volume: 6.0, Price: 372.54
Day 189: Action: 1, Cash: 364.01, Volume: 6.0, Price: 379.29
Day 190: Action: 0, Cash: 364.01, Volume: 6.0, Price: 379.24
Day 191: Action: 0, Cash: 364.01, Volume: 6.0, Price: 370.28
Day 192: Action: 0, Cash: 364.01, Volume: 6.0, Price: 357.11
Day 193: Action: 0, Cash: 364.01, Volume: 6.0, Price: 355.14
Day 194: Action: 2, Cash: 364.01, Volume: 6.0, Price: 351.87
Day 195: Action: 1, Cash: 2475.21, Volume: 0.0, Price: 387.52
Day 196: Action: 2, Cash: 150.07, Volume: 6.0, Price: 378.45
Day 197: Action: 0, Cash: 2420.78, Volume: 0.0, Price: 385.50
Day 198: Action: 0, Cash: 2420.78, Volume: 0.0, Price: 384.86
Day 199: Action: 1, Cash: 2420.78, Volume: 0.0, Price: 382.80
Day 200: Action: 2, Cash: 123.99, Volume: 6.0, Price: 368.79
Day 201: Action: 1, Cash: 2336.71, Volume: 0.0, Price: 364.99
Day 202: Action: 2, Cash: 146.79, Volume: 6.0, Price: 356.39
Day 203: Action: 1, Cash: 2285.14, Volume: 0.0, Price: 364.03
Day 204: Action: 2, Cash: 100.94, Volume: 6.0, Price: 371.55
Day 205: Action: 0, Cash: 2330.22, Volume: 0.0, Price: 384.36
Day 206: Action: 0, Cash: 2330.22, Volume: 0.0, Price: 388.87
Day 207: Action: 0, Cash: 2330.22, Volume: 0.0, Price: 388.19
Day 208: Action: 1, Cash: 2330.22, Volume: 0.0, Price: 391.05
Day 209: Action: 2, Cash: 374.99, Volume: 5.0, Price: 392.26
Day 210: Action: 0, Cash: 2336.27, Volume: 0.0, Price: 422.17
Day 211: Action: 1, Cash: 2336.27, Volume: 0.0, Price: 431.97
Day 212: Action: 0, Cash: 176.41, Volume: 5.0, Price: 432.86
Day 213: Action: 0, Cash: 176.41, Volume: 5.0, Price: 430.02
Day 214: Action: 0, Cash: 176.41, Volume: 5.0, Price: 430.06
Day 215: Action: 0, Cash: 176.41, Volume: 5.0, Price: 434.84
Day 216: Action: 0, Cash: 176.41, Volume: 5.0, Price: 435.40
Day 217: Action: 0, Cash: 176.41, Volume: 5.0, Price: 445.85
Day 218: Action: 0, Cash: 176.41, Volume: 5.0, Price: 445.73
Day 219: Action: 0, Cash: 176.41, Volume: 5.0, Price: 449.50
Day 220: Action: 0, Cash: 176.41, Volume: 5.0, Price: 450.51
Day 221: Action: 2, Cash: 176.41, Volume: 5.0, Price: 451.65
Day 222: Action: 0, Cash: 2434.64, Volume: 0.0, Price: 456.22
Day 223: Action: 0, Cash: 2434.64, Volume: 0.0, Price: 455.52
Day 224: Action: 0, Cash: 2434.64, Volume: 0.0, Price: 449.96
Day 225: Action: 0, Cash: 2434.64, Volume: 0.0, Price: 452.23
Day 226: Action: 0, Cash: 2434.64, Volume: 0.0, Price: 447.58
Day 227: Action: 1, Cash: 2434.64, Volume: 0.0, Price: 458.03
Day 228: Action: 0, Cash: 144.49, Volume: 5.0, Price: 454.72
Day 229: Action: 0, Cash: 144.49, Volume: 5.0, Price: 456.03
Day 230: Action: 0, Cash: 144.49, Volume: 5.0, Price: 457.70
Day 231: Action: 2, Cash: 144.49, Volume: 5.0, Price: 459.30
Day 232: Action: 0, Cash: 2441.00, Volume: 0.0, Price: 460.30
Day 233: Action: 0, Cash: 2441.00, Volume: 0.0, Price: 461.19
Day 234: Action: 0, Cash: 2441.00, Volume: 0.0, Price: 464.98
Day 235: Action: 0, Cash: 2441.00, Volume: 0.0, Price: 467.66
Day 236: Action: 0, Cash: 2441.00, Volume: 0.0, Price: 470.02
Day 237: Action: 0, Cash: 2441.00, Volume: 0.0, Price: 468.20
Day 238: Action: 0, Cash: 2441.00, Volume: 0.0, Price: 469.89
Day 239: Action: 0, Cash: 2441.00, Volume: 0.0, Price: 476.10
Day 240: Action: 0, Cash: 2441.00, Volume: 0.0, Price: 472.22
Day 241: Action: 0, Cash: 2441.00, Volume: 0.0, Price: 476.37
Day 242: Action: 0, Cash: 2441.00, Volume: 0.0, Price: 475.28
Day 243: Action: 0, Cash: 2441.00, Volume: 0.0, Price: 477.47
Day 244: Action: 0, Cash: 2441.00, Volume: 0.0, Price: 474.64
Day 245: Action: 0, Cash: 2441.00, Volume: 0.0, Price: 483.19
Day 246: Action: 1, Cash: 2441.00, Volume: 0.0, Price: 487.28
Day 247: Action: 0, Cash: 4.60, Volume: 5.0, Price: 489.43
Day 248: Action: 0, Cash: 4.60, Volume: 5.0, Price: 494.58
Day 249: Action: 0, Cash: 4.60, Volume: 5.0, Price: 493.08
Day 250: Action: 0, Cash: 4.60, Volume: 5.0, Price: 494.54
Day 251: Action: 0, Cash: 4.60, Volume: 5.0, Price: 489.21
Day 252: Action: 0, Cash: 4.60, Volume: 5.0, Price: 488.25
Day 253: Action: 0, Cash: 4.60, Volume: 5.0, Price: 495.96
Day 254: Action: 0, Cash: 4.60, Volume: 5.0, Price: 494.85
Day 255: Action: 0, Cash: 4.60, Volume: 5.0, Price: 493.75
Day 256: Action: 0, Cash: 4.60, Volume: 5.0, Price: 500.60
Day 257: Action: 0, Cash: 4.60, Volume: 5.0, Price: 498.58
Day 258: Action: 0, Cash: 4.60, Volume: 5.0, Price: 500.41
Day 259: Action: 0, Cash: 4.60, Volume: 5.0, Price: 500.11
Day 260: Action: 0, Cash: 4.60, Volume: 5.0, Price: 502.90
Day 261: Action: 0, Cash: 4.60, Volume: 5.0, Price: 502.70
Day 262: Action: 0, Cash: 4.60, Volume: 5.0, Price: 508.74
Day 263: Action: 0, Cash: 4.60, Volume: 5.0, Price: 507.10
Day 264: Action: 2, Cash: 4.60, Volume: 5.0, Price: 507.11
Day 265: Action: 1, Cash: 2540.18, Volume: 0.0, Price: 502.35
Day 266: Action: 0, Cash: 28.42, Volume: 5.0, Price: 502.95
Day 267: Action: 2, Cash: 28.42, Volume: 5.0, Price: 507.93
Day 268: Action: 0, Cash: 2568.06, Volume: 0.0, Price: 510.74
Day 269: Action: 0, Cash: 2568.06, Volume: 0.0, Price: 509.54
Day 270: Action: 0, Cash: 2568.06, Volume: 0.0, Price: 509.61
Day 271: Action: 0, Cash: 2568.06, Volume: 0.0, Price: 510.28
Day 272: Action: 0, Cash: 2568.06, Volume: 0.0, Price: 530.42
Day 273: Action: 0, Cash: 2568.06, Volume: 0.0, Price: 521.08
Day 274: Action: 1, Cash: 2568.06, Volume: 0.0, Price: 532.55
Day 275: Action: 0, Cash: 437.88, Volume: 4.0, Price: 524.70
Day 276: Action: 0, Cash: 437.88, Volume: 4.0, Price: 521.91
Day 277: Action: 0, Cash: 437.88, Volume: 4.0, Price: 517.83
Day 278: Action: 2, Cash: 437.88, Volume: 4.0, Price: 519.02
Day 279: Action: 1, Cash: 2513.98, Volume: 0.0, Price: 518.76
Day 280: Action: 0, Cash: 438.95, Volume: 4.0, Price: 526.18
Day 281: Action: 0, Cash: 438.95, Volume: 4.0, Price: 517.57
Day 282: Action: 0, Cash: 438.95, Volume: 4.0, Price: 519.46
Day 283: Action: 0, Cash: 438.95, Volume: 4.0, Price: 517.17
Day 284: Action: 0, Cash: 438.95, Volume: 4.0, Price: 514.11
Day 285: Action: 0, Cash: 438.95, Volume: 4.0, Price: 506.83
Day 286: Action: 0, Cash: 438.95, Volume: 4.0, Price: 502.80
Day 287: Action: 0, Cash: 438.95, Volume: 4.0, Price: 502.15
Day 288: Action: 0, Cash: 438.95, Volume: 4.0, Price: 505.13
Day 289: Action: 0, Cash: 438.95, Volume: 4.0, Price: 502.17
Day 290: Action: 0, Cash: 438.95, Volume: 4.0, Price: 499.96
Day 291: Action: 2, Cash: 438.95, Volume: 4.0, Price: 504.64
Day 292: Action: 0, Cash: 2457.52, Volume: 0.0, Price: 507.53
Day 293: Action: 1, Cash: 2457.52, Volume: 0.0, Price: 504.59
Day 294: Action: 2, Cash: 439.15, Volume: 4.0, Price: 503.03
Day 295: Action: 0, Cash: 2451.26, Volume: 0.0, Price: 503.26
Day 296: Action: 1, Cash: 2451.26, Volume: 0.0, Price: 505.87
Day 297: Action: 0, Cash: 427.80, Volume: 4.0, Price: 492.95
Day 298: Action: 0, Cash: 427.80, Volume: 4.0, Price: 496.14
Day 299: Action: 2, Cash: 427.80, Volume: 4.0, Price: 496.35
Day 300: Action: 0, Cash: 2413.18, Volume: 0.0, Price: 498.30
Day 301: Action: 0, Cash: 2413.18, Volume: 0.0, Price: 498.94
Day 302: Action: 0, Cash: 2413.18, Volume: 0.0, Price: 507.79
Day 303: Action: 0, Cash: 2413.18, Volume: 0.0, Price: 513.23
Day 304: Action: 0, Cash: 2413.18, Volume: 0.0, Price: 506.93
Day 305: Action: 1, Cash: 2413.18, Volume: 0.0, Price: 507.91
Day 306: Action: 0, Cash: 381.55, Volume: 4.0, Price: 506.34
Day 307: Action: 2, Cash: 381.55, Volume: 4.0, Price: 515.79
Day 308: Action: 0, Cash: 2444.69, Volume: 0.0, Price: 512.32
Day 309: Action: 0, Cash: 2444.69, Volume: 0.0, Price: 507.12
Day 310: Action: 0, Cash: 2444.69, Volume: 0.0, Price: 508.04
Day 311: Action: 0, Cash: 2444.69, Volume: 0.0, Price: 504.93
Day 312: Action: 0, Cash: 2444.69, Volume: 0.0, Price: 509.34
Day 313: Action: 0, Cash: 2444.69, Volume: 0.0, Price: 512.47
Day 314: Action: 1, Cash: 2444.69, Volume: 0.0, Price: 515.81
Day 315: Action: 2, Cash: 381.47, Volume: 4.0, Price: 517.56
Day 316: Action: 0, Cash: 2451.70, Volume: 0.0, Price: 513.60
Day 317: Action: 0, Cash: 2451.70, Volume: 0.0, Price: 515.21
Day 318: Action: 1, Cash: 2451.70, Volume: 0.0, Price: 526.38
Day 319: Action: 0, Cash: 346.18, Volume: 4.0, Price: 521.81
Day 320: Action: 0, Cash: 346.18, Volume: 4.0, Price: 522.68
Day 321: Action: 0, Cash: 346.18, Volume: 4.0, Price: 520.24
Day 322: Action: 2, Cash: 346.18, Volume: 4.0, Price: 508.84
Day 323: Action: 0, Cash: 2381.55, Volume: 0.0, Price: 511.92
Day 324: Action: 0, Cash: 2381.55, Volume: 0.0, Price: 511.44
Day 325: Action: 0, Cash: 2381.55, Volume: 0.0, Price: 511.30
Day 326: Action: 0, Cash: 2381.55, Volume: 0.0, Price: 509.49
Day 327: Action: 0, Cash: 2381.55, Volume: 0.0, Price: 511.45
Day 328: Action: 1, Cash: 2381.55, Volume: 0.0, Price: 514.65
Day 329: Action: 0, Cash: 322.95, Volume: 4.0, Price: 515.52
Day 330: Action: 0, Cash: 322.95, Volume: 4.0, Price: 518.38
Day 331: Action: 0, Cash: 322.95, Volume: 4.0, Price: 518.40
Day 332: Action: 2, Cash: 322.95, Volume: 4.0, Price: 521.44
Day 333: Action: 1, Cash: 2408.72, Volume: 0.0, Price: 529.32
Day 334: Action: 0, Cash: 291.45, Volume: 4.0, Price: 539.83
Day 335: Action: 0, Cash: 291.45, Volume: 4.0, Price: 539.31
Day 336: Action: 2, Cash: 291.45, Volume: 4.0, Price: 523.58
Day 337: Action: 0, Cash: 2385.78, Volume: 0.0, Price: 515.67
Day 338: Action: 1, Cash: 2385.78, Volume: 0.0, Price: 514.89
Day 339: Action: 0, Cash: 326.22, Volume: 4.0, Price: 512.20
Day 340: Action: 0, Cash: 326.22, Volume: 4.0, Price: 505.06
Day 341: Action: 0, Cash: 326.22, Volume: 4.0, Price: 495.04
Day 342: Action: 2, Cash: 326.22, Volume: 4.0, Price: 494.76
Day 343: Action: 1, Cash: 2305.27, Volume: 0.0, Price: 503.90
Day 344: Action: 0, Cash: 289.65, Volume: 4.0, Price: 506.57
Day 345: Action: 0, Cash: 289.65, Volume: 4.0, Price: 509.02
Day 346: Action: 0, Cash: 289.65, Volume: 4.0, Price: 501.21
Day 347: Action: 0, Cash: 289.65, Volume: 4.0, Price: 508.07
Day 348: Action: 2, Cash: 289.65, Volume: 4.0, Price: 505.39
Day 349: Action: 1, Cash: 2311.21, Volume: 0.0, Price: 491.75
Day 350: Action: 2, Cash: 344.23, Volume: 4.0, Price: 485.10
Day 351: Action: 1, Cash: 2284.64, Volume: 0.0, Price: 477.34
Day 352: Action: 2, Cash: 375.27, Volume: 4.0, Price: 471.04
Day 353: Action: 1, Cash: 2259.45, Volume: 0.0, Price: 472.92
Day 354: Action: 2, Cash: 367.77, Volume: 4.0, Price: 475.90
Day 355: Action: 1, Cash: 2271.39, Volume: 0.0, Price: 484.39
Day 356: Action: 0, Cash: 333.81, Volume: 4.0, Price: 490.89
Day 357: Action: 0, Cash: 333.81, Volume: 4.0, Price: 485.63
Day 358: Action: 2, Cash: 333.81, Volume: 4.0, Price: 488.88
Day 359: Action: 0, Cash: 2289.35, Volume: 0.0, Price: 476.64
Day 360: Action: 0, Cash: 2289.35, Volume: 0.0, Price: 479.74
Day 361: Action: 0, Cash: 2289.35, Volume: 0.0, Price: 482.06
Day 362: Action: 0, Cash: 2289.35, Volume: 0.0, Price: 489.90
Day 363: Action: 0, Cash: 2289.35, Volume: 0.0, Price: 490.90
Day 364: Action: 0, Cash: 2289.35, Volume: 0.0, Price: 477.47
Day 365: Action: 1, Cash: 2289.35, Volume: 0.0, Price: 482.37
Day 366: Action: 2, Cash: 359.87, Volume: 4.0, Price: 477.44
Day 367: Action: 1, Cash: 2269.63, Volume: 0.0, Price: 473.74
Day 368: Action: 0, Cash: 374.68, Volume: 4.0, Price: 475.31
Day 369: Action: 0, Cash: 374.68, Volume: 4.0, Price: 475.04
Day 370: Action: 0, Cash: 374.68, Volume: 4.0, Price: 482.88
Day 371: Action: 0, Cash: 374.68, Volume: 4.0, Price: 484.81
Day 372: Action: 0, Cash: 374.68, Volume: 4.0, Price: 483.82
Day 373: Action: 0, Cash: 374.68, Volume: 4.0, Price: 485.74
Day 374: Action: 0, Cash: 374.68, Volume: 4.0, Price: 486.91
Day 375: Action: 0, Cash: 374.68, Volume: 4.0, Price: 486.60
Day 376: Action: 0, Cash: 374.68, Volume: 4.0, Price: 485.99
Day 377: Action: 0, Cash: 374.68, Volume: 4.0, Price: 486.37
Day 378: Action: 0, Cash: 374.68, Volume: 4.0, Price: 482.52
Day 379: Action: 0, Cash: 374.68, Volume: 4.0, Price: 471.86
Day 380: Action: 1, Cash: 374.68, Volume: 4.0, Price: 471.77
Day 381: Action: 1, Cash: 374.68, Volume: 4.0, Price: 477.42
Day 382: Action: 0, Cash: 374.68, Volume: 4.0, Price: 482.37
Day 383: Action: 0, Cash: 374.68, Volume: 4.0, Price: 477.02
Day 384: Action: 0, Cash: 374.68, Volume: 4.0, Price: 478.19
Day 385: Action: 0, Cash: 374.68, Volume: 4.0, Price: 476.09
Day 386: Action: 0, Cash: 374.68, Volume: 4.0, Price: 469.60
Day 387: Action: 0, Cash: 374.68, Volume: 4.0, Price: 458.33
Day 388: Action: 0, Cash: 374.68, Volume: 4.0, Price: 455.62
Day 389: Action: 0, Cash: 374.68, Volume: 4.0, Price: 458.81
Day 390: Action: 0, Cash: 374.68, Volume: 4.0, Price: 453.48
Day 391: Action: 0, Cash: 374.68, Volume: 4.0, Price: 443.10
Day 392: Action: 0, Cash: 374.68, Volume: 4.0, Price: 450.11
Day 393: Action: 0, Cash: 374.68, Volume: 4.0, Price: 464.89
Day 394: Action: 0, Cash: 374.68, Volume: 4.0, Price: 469.21
Day 395: Action: 0, Cash: 374.68, Volume: 4.0, Price: 479.49
Day 396: Action: 0, Cash: 374.68, Volume: 4.0, Price: 480.53
Day 397: Action: 2, Cash: 374.68, Volume: 4.0, Price: 432.51
Day 398: Action: 1, Cash: 2104.73, Volume: 0.0, Price: 429.31
Day 399: Action: 0, Cash: 387.49, Volume: 4.0, Price: 422.41
Day 400: Action: 0, Cash: 387.49, Volume: 4.0, Price: 410.27
Day 401: Action: 0, Cash: 387.49, Volume: 4.0, Price: 413.25
Day 402: Action: 0, Cash: 387.49, Volume: 4.0, Price: 392.77
Day 403: Action: 0, Cash: 387.49, Volume: 4.0, Price: 400.23
Day 404: Action: 0, Cash: 387.49, Volume: 4.0, Price: 412.66
Day 405: Action: 0, Cash: 387.49, Volume: 4.0, Price: 412.33
Day 406: Action: 0, Cash: 387.49, Volume: 4.0, Price: 403.45
Day 407: Action: 2, Cash: 387.49, Volume: 4.0, Price: 400.92
Day 408: Action: 1, Cash: 1991.19, Volume: 0.0, Price: 400.41
Day 409: Action: 2, Cash: 389.56, Volume: 4.0, Price: 395.96
Day 410: Action: 1, Cash: 1973.39, Volume: 0.0, Price: 398.69
Day 411: Action: 2, Cash: 378.63, Volume: 4.0, Price: 398.46
Day 412: Action: 0, Cash: 1972.47, Volume: 0.0, Price: 397.23
Day 413: Action: 1, Cash: 1972.47, Volume: 0.0, Price: 384.47
Day 414: Action: 0, Cash: 50.12, Volume: 5.0, Price: 389.00
Day 415: Action: 0, Cash: 50.12, Volume: 5.0, Price: 400.60
Day 416: Action: 2, Cash: 50.12, Volume: 5.0, Price: 401.72
Day 417: Action: 0, Cash: 2058.72, Volume: 0.0, Price: 392.74
Day 418: Action: 0, Cash: 2058.72, Volume: 0.0, Price: 398.55
Day 419: Action: 0, Cash: 2058.72, Volume: 0.0, Price: 403.93
Day 420: Action: 0, Cash: 2058.72, Volume: 0.0, Price: 405.20
Day 421: Action: 0, Cash: 2058.72, Volume: 0.0, Price: 410.68
Day 422: Action: 0, Cash: 2058.72, Volume: 0.0, Price: 408.96
Day 423: Action: 0, Cash: 2058.72, Volume: 0.0, Price: 409.41
Day 424: Action: 0, Cash: 2058.72, Volume: 0.0, Price: 405.76
Day 425: Action: 1, Cash: 2058.72, Volume: 0.0, Price: 404.88
Day 426: Action: 0, Cash: 34.32, Volume: 5.0, Price: 401.86
Day 427: Action: 0, Cash: 34.32, Volume: 5.0, Price: 395.55
Day 428: Action: 0, Cash: 34.32, Volume: 5.0, Price: 399.95
Day 429: Action: 0, Cash: 34.32, Volume: 5.0, Price: 399.41
Day 430: Action: 0, Cash: 34.32, Volume: 5.0, Price: 391.79
Day 431: Action: 0, Cash: 34.32, Volume: 5.0, Price: 389.02
Day 432: Action: 1, Cash: 34.32, Volume: 5.0, Price: 381.87
Day 433: Action: 0, Cash: 34.32, Volume: 5.0, Price: 383.00

Final portfolio value:    1898.02
Baseline (buy & hold):   1922.35
Profit over baseline:    -24.33

==================== AMZN ====================
Day 1: Action: 1, Cash: 2500.00, Volume: 0, Price: 197.20
Day 2: Action: 0, Cash: 528.00, Volume: 10, Price: 200.00
Day 3: Action: 0, Cash: 528.00, Volume: 10, Price: 197.59
Day 4: Action: 2, Cash: 528.00, Volume: 10, Price: 200.00
Day 5: Action: 1, Cash: 2528.00, Volume: 0, Price: 199.29
Day 6: Action: 0, Cash: 535.10, Volume: 10, Price: 199.34
Day 7: Action: 0, Cash: 535.10, Volume: 10, Price: 199.79
Day 8: Action: 0, Cash: 535.10, Volume: 10, Price: 195.05
Day 9: Action: 0, Cash: 535.10, Volume: 10, Price: 194.49
Day 10: Action: 0, Cash: 535.10, Volume: 10, Price: 192.72
Day 11: Action: 2, Cash: 535.10, Volume: 10, Price: 193.02
Day 12: Action: 1, Cash: 2465.30, Volume: 0, Price: 187.93
Day 13: Action: 2, Cash: 586.00, Volume: 10, Price: 183.75
Day 14: Action: 1, Cash: 2423.50, Volume: 0, Price: 183.13
Day 15: Action: 0, Cash: 592.20, Volume: 10, Price: 182.55
Day 16: Action: 0, Cash: 592.20, Volume: 10, Price: 186.41
Day 17: Action: 2, Cash: 592.20, Volume: 10, Price: 180.83
Day 18: Action: 1, Cash: 2400.50, Volume: 0, Price: 179.85
Day 19: Action: 0, Cash: 602.00, Volume: 10, Price: 182.50
Day 20: Action: 0, Cash: 602.00, Volume: 10, Price: 183.20
Day 21: Action: 2, Cash: 602.00, Volume: 10, Price: 181.71
Day 22: Action: 0, Cash: 2419.10, Volume: 0, Price: 186.98
Day 23: Action: 0, Cash: 2419.10, Volume: 0, Price: 184.07
Day 24: Action: 1, Cash: 2419.10, Volume: 0, Price: 167.90
Day 25: Action: 0, Cash: 740.10, Volume: 10, Price: 161.02
Day 26: Action: 0, Cash: 740.10, Volume: 10, Price: 161.93
Day 27: Action: 0, Cash: 740.10, Volume: 10, Price: 162.77
Day 28: Action: 2, Cash: 740.10, Volume: 10, Price: 165.80
Day 29: Action: 1, Cash: 2398.10, Volume: 0, Price: 166.94
Day 30: Action: 0, Cash: 728.70, Volume: 10, Price: 166.80
Day 31: Action: 2, Cash: 728.70, Volume: 10, Price: 170.23
Day 32: Action: 1, Cash: 2431.00, Volume: 0, Price: 170.10
Day 33: Action: 0, Cash: 730.00, Volume: 10, Price: 177.59
Day 34: Action: 0, Cash: 730.00, Volume: 10, Price: 177.06
Day 35: Action: 0, Cash: 730.00, Volume: 10, Price: 178.22
Day 36: Action: 0, Cash: 730.00, Volume: 10, Price: 178.88
Day 37: Action: 0, Cash: 730.00, Volume: 10, Price: 180.11
Day 38: Action: 2, Cash: 730.00, Volume: 10, Price: 176.13
Day 39: Action: 0, Cash: 2491.30, Volume: 0, Price: 177.04
Day 40: Action: 0, Cash: 2491.30, Volume: 0, Price: 175.50
Day 41: Action: 1, Cash: 2491.30, Volume: 0, Price: 173.12
Day 42: Action: 0, Cash: 760.10, Volume: 10, Price: 170.80
Day 43: Action: 0, Cash: 760.10, Volume: 10, Price: 172.12
Day 44: Action: 0, Cash: 760.10, Volume: 10, Price: 178.50
Day 45: Action: 0, Cash: 760.10, Volume: 10, Price: 176.25
Day 46: Action: 0, Cash: 760.10, Volume: 10, Price: 173.33
Day 47: Action: 0, Cash: 760.10, Volume: 10, Price: 177.89
Day 48: Action: 2, Cash: 760.10, Volume: 10, Price: 171.39
Day 49: Action: 0, Cash: 2474.00, Volume: 0, Price: 175.40
Day 50: Action: 0, Cash: 2474.00, Volume: 0, Price: 179.55
Day 51: Action: 1, Cash: 2474.00, Volume: 0, Price: 184.52
Day 52: Action: 0, Cash: 628.80, Volume: 10, Price: 187.00
Day 53: Action: 0, Cash: 628.80, Volume: 10, Price: 186.49
Day 54: Action: 0, Cash: 628.80, Volume: 10, Price: 184.89
Day 55: Action: 0, Cash: 628.80, Volume: 10, Price: 186.88
Day 56: Action: 0, Cash: 628.80, Volume: 10, Price: 186.43
Day 57: Action: 0, Cash: 628.80, Volume: 10, Price: 189.87
Day 58: Action: 0, Cash: 628.80, Volume: 10, Price: 191.60
Day 59: Action: 2, Cash: 628.80, Volume: 10, Price: 193.88
Day 60: Action: 1, Cash: 2567.60, Volume: 0, Price: 193.96
Day 61: Action: 0, Cash: 628.00, Volume: 10, Price: 192.53
Day 62: Action: 0, Cash: 628.00, Volume: 10, Price: 191.16
Day 63: Action: 0, Cash: 628.00, Volume: 10, Price: 187.97
Day 64: Action: 0, Cash: 628.00, Volume: 10, Price: 186.33
Day 65: Action: 2, Cash: 628.00, Volume: 10, Price: 185.13
Day 66: Action: 0, Cash: 2479.30, Volume: 0, Price: 184.76
Day 67: Action: 0, Cash: 2479.30, Volume: 0, Price: 181.96
Day 68: Action: 0, Cash: 2479.30, Volume: 0, Price: 186.51
Day 69: Action: 0, Cash: 2479.30, Volume: 0, Price: 180.80
Day 70: Action: 0, Cash: 2479.30, Volume: 0, Price: 182.72
Day 71: Action: 0, Cash: 2479.30, Volume: 0, Price: 185.17
Day 72: Action: 1, Cash: 2479.30, Volume: 0, Price: 186.65
Day 73: Action: 0, Cash: 612.80, Volume: 10, Price: 188.82
Day 74: Action: 0, Cash: 612.80, Volume: 10, Price: 187.54
Day 75: Action: 2, Cash: 612.80, Volume: 10, Price: 187.69
Day 76: Action: 0, Cash: 2489.70, Volume: 0, Price: 186.89
Day 77: Action: 0, Cash: 2489.70, Volume: 0, Price: 187.53
Day 78: Action: 1, Cash: 2489.70, Volume: 0, Price: 188.99
Day 79: Action: 0, Cash: 599.80, Volume: 10, Price: 189.07
Day 80: Action: 0, Cash: 599.80, Volume: 10, Price: 189.70
Day 81: Action: 0, Cash: 599.80, Volume: 10, Price: 184.71
Day 82: Action: 0, Cash: 599.80, Volume: 10, Price: 186.38
Day 83: Action: 0, Cash: 599.80, Volume: 10, Price: 187.83
Day 84: Action: 0, Cash: 599.80, Volume: 10, Price: 188.39
Day 85: Action: 0, Cash: 599.80, Volume: 10, Price: 190.83
Day 86: Action: 2, Cash: 599.80, Volume: 10, Price: 192.73
Day 87: Action: 0, Cash: 2527.10, Volume: 0, Price: 186.40
Day 88: Action: 1, Cash: 2527.10, Volume: 0, Price: 197.93
Day 89: Action: 0, Cash: 547.80, Volume: 10, Price: 195.78
Day 90: Action: 0, Cash: 547.80, Volume: 10, Price: 199.50
Day 91: Action: 0, Cash: 547.80, Volume: 10, Price: 207.09
Day 92: Action: 0, Cash: 547.80, Volume: 10, Price: 210.05
Day 93: Action: 0, Cash: 547.80, Volume: 10, Price: 208.18
Day 94: Action: 0, Cash: 547.80, Volume: 10, Price: 206.84
Day 95: Action: 0, Cash: 547.80, Volume: 10, Price: 208.91
Day 96: Action: 0, Cash: 547.80, Volume: 10, Price: 214.10
Day 97: Action: 0, Cash: 547.80, Volume: 10, Price: 211.48
Day 98: Action: 0, Cash: 547.80, Volume: 10, Price: 202.61
Day 99: Action: 0, Cash: 547.80, Volume: 10, Price: 201.70
Day 100: Action: 0, Cash: 547.80, Volume: 10, Price: 204.61
Day 101: Action: 0, Cash: 547.80, Volume: 10, Price: 202.88
Day 102: Action: 0, Cash: 547.80, Volume: 10, Price: 198.38
Day 103: Action: 0, Cash: 547.80, Volume: 10, Price: 197.12
Day 104: Action: 2, Cash: 547.80, Volume: 10, Price: 201.45
Day 105: Action: 0, Cash: 2562.30, Volume: 0, Price: 207.86
Day 106: Action: 0, Cash: 2562.30, Volume: 0, Price: 205.74
Day 107: Action: 1, Cash: 2562.30, Volume: 0, Price: 207.89
Day 108: Action: 0, Cash: 483.40, Volume: 10, Price: 210.71
Day 109: Action: 0, Cash: 483.40, Volume: 10, Price: 213.44
Day 110: Action: 2, Cash: 483.40, Volume: 10, Price: 218.16
Day 111: Action: 1, Cash: 2665.00, Volume: 0, Price: 220.55
Day 112: Action: 2, Cash: 459.50, Volume: 10, Price: 227.03
Day 113: Action: 1, Cash: 2729.80, Volume: 0, Price: 226.09
Day 114: Action: 0, Cash: 468.90, Volume: 10, Price: 225.04
Day 115: Action: 2, Cash: 468.90, Volume: 10, Price: 230.26
Day 116: Action: 1, Cash: 2771.50, Volume: 0, Price: 228.97
Day 117: Action: 0, Cash: 481.80, Volume: 10, Price: 227.46
Day 118: Action: 0, Cash: 481.80, Volume: 10, Price: 232.93
Day 119: Action: 2, Cash: 481.80, Volume: 10, Price: 231.15
Day 120: Action: 0, Cash: 2793.30, Volume: 0, Price: 220.52
Day 121: Action: 0, Cash: 2793.30, Volume: 0, Price: 223.29
Day 122: Action: 0, Cash: 2793.30, Volume: 0, Price: 224.92
Day 123: Action: 0, Cash: 2793.30, Volume: 0, Price: 225.06
Day 124: Action: 1, Cash: 2793.30, Volume: 0, Price: 229.05
Day 125: Action: 0, Cash: 502.80, Volume: 10, Price: 227.05
Day 126: Action: 2, Cash: 502.80, Volume: 10, Price: 223.75
Day 127: Action: 0, Cash: 2740.30, Volume: 0, Price: 221.30
Day 128: Action: 0, Cash: 2740.30, Volume: 0, Price: 219.39
Day 129: Action: 0, Cash: 2740.30, Volume: 0, Price: 220.22
Day 130: Action: 0, Cash: 2740.30, Volume: 0, Price: 224.19
Day 131: Action: 0, Cash: 2740.30, Volume: 0, Price: 227.61
Day 132: Action: 1, Cash: 2740.30, Volume: 0, Price: 222.11
Day 133: Action: 0, Cash: 519.20, Volume: 10, Price: 222.13
Day 134: Action: 0, Cash: 519.20, Volume: 10, Price: 218.94
Day 135: Action: 0, Cash: 519.20, Volume: 10, Price: 218.46
Day 136: Action: 0, Cash: 519.20, Volume: 10, Price: 217.76
Day 137: Action: 0, Cash: 519.20, Volume: 10, Price: 223.35
Day 138: Action: 2, Cash: 519.20, Volume: 10, Price: 220.66
Day 139: Action: 0, Cash: 2725.80, Volume: 0, Price: 225.94
Day 140: Action: 1, Cash: 2725.80, Volume: 0, Price: 230.71
Day 141: Action: 2, Cash: 418.70, Volume: 10, Price: 235.01
Day 142: Action: 0, Cash: 2768.80, Volume: 0, Price: 235.42
Day 143: Action: 1, Cash: 2768.80, Volume: 0, Price: 234.85
Day 144: Action: 2, Cash: 420.30, Volume: 10, Price: 235.42
Day 145: Action: 0, Cash: 2774.50, Volume: 0, Price: 238.15
Day 146: Action: 1, Cash: 2774.50, Volume: 0, Price: 237.07
Day 147: Action: 0, Cash: 403.80, Volume: 10, Price: 234.64
Day 148: Action: 2, Cash: 403.80, Volume: 10, Price: 237.68
Day 149: Action: 0, Cash: 2780.60, Volume: 0, Price: 237.42
Day 150: Action: 0, Cash: 2780.60, Volume: 0, Price: 242.06
Day 151: Action: 1, Cash: 2780.60, Volume: 0, Price: 236.17
Day 152: Action: 0, Cash: 418.90, Volume: 10, Price: 238.83
Day 153: Action: 0, Cash: 418.90, Volume: 10, Price: 229.15
Day 154: Action: 2, Cash: 418.90, Volume: 10, Price: 233.14
Day 155: Action: 1, Cash: 2750.30, Volume: 0, Price: 232.76
Day 156: Action: 2, Cash: 422.70, Volume: 10, Price: 228.93
Day 157: Action: 0, Cash: 2712.00, Volume: 0, Price: 230.37
Day 158: Action: 0, Cash: 2712.00, Volume: 0, Price: 228.68
Day 159: Action: 1, Cash: 2712.00, Volume: 0, Price: 226.65
Day 160: Action: 0, Cash: 445.50, Volume: 10, Price: 226.63
Day 161: Action: 0, Cash: 445.50, Volume: 10, Price: 222.88
Day 162: Action: 0, Cash: 445.50, Volume: 10, Price: 216.58
Day 163: Action: 2, Cash: 445.50, Volume: 10, Price: 212.71
Day 164: Action: 1, Cash: 2572.60, Volume: 0, Price: 212.80
Day 165: Action: 2, Cash: 444.60, Volume: 10, Price: 214.35
Day 166: Action: 1, Cash: 2588.10, Volume: 0, Price: 208.74
Day 167: Action: 0, Cash: 500.70, Volume: 10, Price: 212.28
Day 168: Action: 0, Cash: 500.70, Volume: 10, Price: 205.02
Day 169: Action: 2, Cash: 500.70, Volume: 10, Price: 203.80
Day 170: Action: 0, Cash: 2538.70, Volume: 0, Price: 208.36
Day 171: Action: 1, Cash: 2538.70, Volume: 0, Price: 200.70
Day 172: Action: 2, Cash: 531.70, Volume: 10, Price: 199.25
Day 173: Action: 1, Cash: 2524.20, Volume: 0, Price: 194.54
Day 174: Action: 2, Cash: 578.80, Volume: 10, Price: 196.59
Day 175: Action: 1, Cash: 2544.70, Volume: 0, Price: 198.89
Day 176: Action: 2, Cash: 555.80, Volume: 10, Price: 193.89
Day 177: Action: 0, Cash: 2494.70, Volume: 0, Price: 197.95
Day 178: Action: 1, Cash: 2494.70, Volume: 0, Price: 195.74
Day 179: Action: 2, Cash: 537.30, Volume: 10, Price: 192.82
Day 180: Action: 0, Cash: 2465.50, Volume: 0, Price: 195.54
Day 181: Action: 1, Cash: 2465.50, Volume: 0, Price: 194.95
Day 182: Action: 0, Cash: 516.00, Volume: 10, Price: 196.21
Day 183: Action: 0, Cash: 516.00, Volume: 10, Price: 203.26
Day 184: Action: 2, Cash: 516.00, Volume: 10, Price: 205.71
Day 185: Action: 0, Cash: 2573.10, Volume: 0, Price: 201.13
Day 186: Action: 0, Cash: 2573.10, Volume: 0, Price: 201.36
Day 187: Action: 1, Cash: 2573.10, Volume: 0, Price: 192.72
Day 188: Action: 0, Cash: 645.90, Volume: 10, Price: 190.26
Day 189: Action: 0, Cash: 645.90, Volume: 10, Price: 192.17
Day 190: Action: 0, Cash: 645.90, Volume: 10, Price: 196.01
Day 191: Action: 0, Cash: 645.90, Volume: 10, Price: 178.41
Day 192: Action: 0, Cash: 645.90, Volume: 10, Price: 171.00
Day 193: Action: 0, Cash: 645.90, Volume: 10, Price: 175.26
Day 194: Action: 0, Cash: 645.90, Volume: 10, Price: 170.66
Day 195: Action: 0, Cash: 645.90, Volume: 10, Price: 191.10
Day 196: Action: 0, Cash: 645.90, Volume: 10, Price: 181.22
Day 197: Action: 1, Cash: 645.90, Volume: 10, Price: 184.87
Day 198: Action: 1, Cash: 91.29, Volume: 13.0, Price: 182.12
Day 199: Action: 1, Cash: 91.29, Volume: 13.0, Price: 179.59
Day 200: Action: 2, Cash: 91.29, Volume: 13.0, Price: 174.33
Day 201: Action: 2, Cash: 1834.59, Volume: 3.0, Price: 172.61
Day 202: Action: 1, Cash: 2352.42, Volume: 0.0, Price: 167.32
Day 203: Action: 2, Cash: 679.22, Volume: 10.0, Price: 173.18
Day 204: Action: 0, Cash: 2411.02, Volume: 0.0, Price: 180.60
Day 205: Action: 1, Cash: 2411.02, Volume: 0.0, Price: 186.54
Day 206: Action: 2, Cash: 545.62, Volume: 10.0, Price: 188.99
Day 207: Action: 1, Cash: 2435.52, Volume: 0.0, Price: 187.70
Day 208: Action: 1, Cash: 558.52, Volume: 10.0, Price: 187.39
Day 209: Action: 0, Cash: 183.74, Volume: 12.0, Price: 184.42
Day 210: Action: 2, Cash: 183.74, Volume: 12.0, Price: 190.20
Day 211: Action: 0, Cash: 2085.74, Volume: 2.0, Price: 189.98
Day 212: Action: 0, Cash: 2085.74, Volume: 2.0, Price: 186.35
Day 213: Action: 2, Cash: 2085.74, Volume: 2.0, Price: 185.01
Day 214: Action: 0, Cash: 2455.76, Volume: 0.0, Price: 188.71
Day 215: Action: 0, Cash: 2455.76, Volume: 0.0, Price: 192.08
Day 216: Action: 1, Cash: 2455.76, Volume: 0.0, Price: 193.06
Day 217: Action: 2, Cash: 525.16, Volume: 10.0, Price: 208.64
Day 218: Action: 0, Cash: 2611.56, Volume: 0.0, Price: 211.37
Day 219: Action: 1, Cash: 2611.56, Volume: 0.0, Price: 210.25
Day 220: Action: 2, Cash: 509.06, Volume: 10.0, Price: 205.17
Day 221: Action: 1, Cash: 2560.76, Volume: 0.0, Price: 205.59
Day 222: Action: 0, Cash: 504.86, Volume: 10.0, Price: 206.16
Day 223: Action: 1, Cash: 504.86, Volume: 10.0, Price: 204.07
Day 224: Action: 1, Cash: 96.72, Volume: 12.0, Price: 201.12
Day 225: Action: 0, Cash: 96.72, Volume: 12.0, Price: 203.10
Day 226: Action: 0, Cash: 96.72, Volume: 12.0, Price: 200.99
Day 227: Action: 0, Cash: 96.72, Volume: 12.0, Price: 206.02
Day 228: Action: 0, Cash: 96.72, Volume: 12.0, Price: 204.72
Day 229: Action: 0, Cash: 96.72, Volume: 12.0, Price: 205.70
Day 230: Action: 0, Cash: 96.72, Volume: 12.0, Price: 205.01
Day 231: Action: 2, Cash: 96.72, Volume: 12.0, Price: 206.65
Day 232: Action: 0, Cash: 2163.22, Volume: 2.0, Price: 205.71
Day 233: Action: 2, Cash: 2163.22, Volume: 2.0, Price: 207.23
Day 234: Action: 0, Cash: 2577.68, Volume: 0.0, Price: 207.91
Day 235: Action: 0, Cash: 2577.68, Volume: 0.0, Price: 213.57
Day 236: Action: 0, Cash: 2577.68, Volume: 0.0, Price: 216.98
Day 237: Action: 1, Cash: 2577.68, Volume: 0.0, Price: 217.61
Day 238: Action: 0, Cash: 401.58, Volume: 10.0, Price: 213.20
Day 239: Action: 0, Cash: 401.58, Volume: 10.0, Price: 213.24
Day 240: Action: 0, Cash: 401.58, Volume: 10.0, Price: 212.10
Day 241: Action: 2, Cash: 401.58, Volume: 10.0, Price: 216.10
Day 242: Action: 0, Cash: 2562.58, Volume: 0.0, Price: 214.82
Day 243: Action: 0, Cash: 2562.58, Volume: 0.0, Price: 212.52
Day 244: Action: 0, Cash: 2562.58, Volume: 0.0, Price: 209.69
Day 245: Action: 0, Cash: 2562.58, Volume: 0.0, Price: 208.47
Day 246: Action: 1, Cash: 2562.58, Volume: 0.0, Price: 212.77
Day 247: Action: 0, Cash: 434.88, Volume: 10.0, Price: 211.99
Day 248: Action: 0, Cash: 434.88, Volume: 10.0, Price: 217.12
Day 249: Action: 0, Cash: 434.88, Volume: 10.0, Price: 223.30
Day 250: Action: 0, Cash: 434.88, Volume: 10.0, Price: 219.39
Day 251: Action: 0, Cash: 434.88, Volume: 10.0, Price: 220.46
Day 252: Action: 2, Cash: 434.88, Volume: 10.0, Price: 219.92
Day 253: Action: 1, Cash: 2634.08, Volume: 0.0, Price: 223.41
Day 254: Action: 0, Cash: 399.98, Volume: 10.0, Price: 223.47
Day 255: Action: 0, Cash: 399.98, Volume: 10.0, Price: 219.36
Day 256: Action: 0, Cash: 399.98, Volume: 10.0, Price: 222.54
Day 257: Action: 0, Cash: 399.98, Volume: 10.0, Price: 222.26
Day 258: Action: 2, Cash: 399.98, Volume: 10.0, Price: 225.02
Day 259: Action: 0, Cash: 2650.18, Volume: 0.0, Price: 225.69
Day 260: Action: 0, Cash: 2650.18, Volume: 0.0, Price: 226.35
Day 261: Action: 0, Cash: 2650.18, Volume: 0.0, Price: 223.19
Day 262: Action: 1, Cash: 2650.18, Volume: 0.0, Price: 223.88
Day 263: Action: 2, Cash: 411.38, Volume: 10.0, Price: 226.13
Day 264: Action: 1, Cash: 2672.68, Volume: 0.0, Price: 229.30
Day 265: Action: 2, Cash: 379.68, Volume: 10.0, Price: 227.47
Day 266: Action: 1, Cash: 2654.38, Volume: 0.0, Price: 228.29
Day 267: Action: 0, Cash: 371.48, Volume: 10.0, Price: 232.23
Day 268: Action: 0, Cash: 371.48, Volume: 10.0, Price: 231.44
Day 269: Action: 0, Cash: 371.48, Volume: 10.0, Price: 232.79
Day 270: Action: 0, Cash: 371.48, Volume: 10.0, Price: 231.01
Day 271: Action: 2, Cash: 371.48, Volume: 10.0, Price: 230.19
Day 272: Action: 1, Cash: 2673.38, Volume: 0.0, Price: 234.11
Day 273: Action: 0, Cash: 332.28, Volume: 10.0, Price: 214.75
Day 274: Action: 0, Cash: 332.28, Volume: 10.0, Price: 211.65
Day 275: Action: 0, Cash: 332.28, Volume: 10.0, Price: 213.75
Day 276: Action: 0, Cash: 332.28, Volume: 10.0, Price: 222.31
Day 277: Action: 2, Cash: 332.28, Volume: 10.0, Price: 223.13
Day 278: Action: 1, Cash: 2563.58, Volume: 0.0, Price: 222.69
Day 279: Action: 0, Cash: 336.68, Volume: 10.0, Price: 221.30
Day 280: Action: 0, Cash: 336.68, Volume: 10.0, Price: 221.47
Day 281: Action: 0, Cash: 336.68, Volume: 10.0, Price: 224.56
Day 282: Action: 2, Cash: 336.68, Volume: 10.0, Price: 230.98
Day 283: Action: 0, Cash: 2646.48, Volume: 0.0, Price: 231.03
Day 284: Action: 0, Cash: 2646.48, Volume: 0.0, Price: 231.49
Day 285: Action: 0, Cash: 2646.48, Volume: 0.0, Price: 228.01
Day 286: Action: 0, Cash: 2646.48, Volume: 0.0, Price: 223.81
Day 287: Action: 0, Cash: 2646.48, Volume: 0.0, Price: 221.95
Day 288: Action: 0, Cash: 2646.48, Volume: 0.0, Price: 228.84
Day 289: Action: 1, Cash: 2646.48, Volume: 0.0, Price: 227.94
Day 290: Action: 0, Cash: 367.08, Volume: 10.0, Price: 228.71
Day 291: Action: 0, Cash: 367.08, Volume: 10.0, Price: 229.12
Day 292: Action: 0, Cash: 367.08, Volume: 10.0, Price: 231.60
Day 293: Action: 0, Cash: 367.08, Volume: 10.0, Price: 229.00
Day 294: Action: 2, Cash: 367.08, Volume: 10.0, Price: 225.34
Day 295: Action: 1, Cash: 2620.48, Volume: 0.0, Price: 225.99
Day 296: Action: 0, Cash: 360.58, Volume: 10.0, Price: 235.68
Day 297: Action: 0, Cash: 360.58, Volume: 10.0, Price: 232.33
Day 298: Action: 2, Cash: 360.58, Volume: 10.0, Price: 235.84
Day 299: Action: 0, Cash: 2718.98, Volume: 0.0, Price: 238.24
Day 300: Action: 0, Cash: 2718.98, Volume: 0.0, Price: 230.33
Day 301: Action: 0, Cash: 2718.98, Volume: 0.0, Price: 229.95
Day 302: Action: 0, Cash: 2718.98, Volume: 0.0, Price: 228.15
Day 303: Action: 1, Cash: 2718.98, Volume: 0.0, Price: 231.43
Day 304: Action: 0, Cash: 404.68, Volume: 10.0, Price: 234.05
Day 305: Action: 1, Cash: 404.68, Volume: 10.0, Price: 231.62
Day 306: Action: 0, Cash: 173.06, Volume: 11.0, Price: 231.23
Day 307: Action: 2, Cash: 173.06, Volume: 11.0, Price: 231.48
Day 308: Action: 0, Cash: 2487.86, Volume: 1.0, Price: 227.63
Day 309: Action: 0, Cash: 2487.86, Volume: 1.0, Price: 220.71
Day 310: Action: 0, Cash: 2487.86, Volume: 1.0, Price: 220.21
Day 311: Action: 0, Cash: 2487.86, Volume: 1.0, Price: 218.15
Day 312: Action: 0, Cash: 2487.86, Volume: 1.0, Price: 219.78
Day 313: Action: 0, Cash: 2487.86, Volume: 1.0, Price: 222.17
Day 314: Action: 2, Cash: 2487.86, Volume: 1.0, Price: 219.57
Day 315: Action: 0, Cash: 2707.43, Volume: 0.0, Price: 220.63
Day 316: Action: 1, Cash: 2707.43, Volume: 0.0, Price: 222.41
Day 317: Action: 2, Cash: 483.33, Volume: 10.0, Price: 219.51
Day 318: Action: 1, Cash: 2678.43, Volume: 0.0, Price: 220.90
Day 319: Action: 0, Cash: 469.43, Volume: 10.0, Price: 221.78
Day 320: Action: 0, Cash: 469.43, Volume: 10.0, Price: 225.22
Day 321: Action: 0, Cash: 469.43, Volume: 10.0, Price: 227.74
Day 322: Action: 0, Cash: 469.43, Volume: 10.0, Price: 216.37
Day 323: Action: 0, Cash: 469.43, Volume: 10.0, Price: 220.07
Day 324: Action: 0, Cash: 469.43, Volume: 10.0, Price: 216.39
Day 325: Action: 0, Cash: 469.43, Volume: 10.0, Price: 215.57
Day 326: Action: 0, Cash: 469.43, Volume: 10.0, Price: 214.47
Day 327: Action: 0, Cash: 469.43, Volume: 10.0, Price: 213.04
Day 328: Action: 0, Cash: 469.43, Volume: 10.0, Price: 216.48
Day 329: Action: 0, Cash: 469.43, Volume: 10.0, Price: 222.03
Day 330: Action: 0, Cash: 469.43, Volume: 10.0, Price: 217.95
Day 331: Action: 2, Cash: 469.43, Volume: 10.0, Price: 221.09
Day 332: Action: 0, Cash: 2680.33, Volume: 0.0, Price: 224.21
Day 333: Action: 1, Cash: 2680.33, Volume: 0.0, Price: 226.97
Day 334: Action: 2, Cash: 410.63, Volume: 10.0, Price: 229.25
Day 335: Action: 0, Cash: 2703.13, Volume: 0.0, Price: 230.30
Day 336: Action: 1, Cash: 2703.13, Volume: 0.0, Price: 222.86
Day 337: Action: 0, Cash: 474.53, Volume: 10.0, Price: 244.22
Day 338: Action: 2, Cash: 474.53, Volume: 10.0, Price: 254.00
Day 339: Action: 1, Cash: 3014.53, Volume: 0.0, Price: 249.32
Day 340: Action: 0, Cash: 521.33, Volume: 10.0, Price: 250.20
Day 341: Action: 2, Cash: 521.33, Volume: 10.0, Price: 243.04
Day 342: Action: 1, Cash: 2951.73, Volume: 0.0, Price: 244.41
Day 343: Action: 0, Cash: 507.63, Volume: 10.0, Price: 248.40
Day 344: Action: 0, Cash: 507.63, Volume: 10.0, Price: 249.10
Day 345: Action: 0, Cash: 507.63, Volume: 10.0, Price: 244.20
Day 346: Action: 0, Cash: 507.63, Volume: 10.0, Price: 237.58
Day 347: Action: 0, Cash: 507.63, Volume: 10.0, Price: 234.69
Day 348: Action: 0, Cash: 507.63, Volume: 10.0, Price: 232.87
Day 349: Action: 0, Cash: 507.63, Volume: 10.0, Price: 222.55
Day 350: Action: 0, Cash: 507.63, Volume: 10.0, Price: 222.69
Day 351: Action: 2, Cash: 507.63, Volume: 10.0, Price: 217.14
Day 352: Action: 1, Cash: 2679.03, Volume: 0.0, Price: 220.69
Day 353: Action: 0, Cash: 472.13, Volume: 10.0, Price: 226.28
Day 354: Action: 0, Cash: 472.13, Volume: 10.0, Price: 229.67
Day 355: Action: 0, Cash: 472.13, Volume: 10.0, Price: 229.16
Day 356: Action: 0, Cash: 472.13, Volume: 10.0, Price: 233.22
Day 357: Action: 2, Cash: 472.13, Volume: 10.0, Price: 233.88
Day 358: Action: 0, Cash: 2810.93, Volume: 0.0, Price: 234.42
Day 359: Action: 0, Cash: 2810.93, Volume: 0.0, Price: 232.38
Day 360: Action: 0, Cash: 2810.93, Volume: 0.0, Price: 229.11
Day 361: Action: 1, Cash: 2810.93, Volume: 0.0, Price: 229.53
Day 362: Action: 0, Cash: 515.63, Volume: 10.0, Price: 226.89
Day 363: Action: 0, Cash: 515.63, Volume: 10.0, Price: 227.92
Day 364: Action: 1, Cash: 515.63, Volume: 10.0, Price: 231.78
Day 365: Action: 0, Cash: 52.07, Volume: 12.0, Price: 230.28
Day 366: Action: 0, Cash: 52.07, Volume: 12.0, Price: 226.19
Day 367: Action: 0, Cash: 52.07, Volume: 12.0, Price: 222.54
Day 368: Action: 0, Cash: 52.07, Volume: 12.0, Price: 222.56
Day 369: Action: 0, Cash: 52.07, Volume: 12.0, Price: 221.27
Day 370: Action: 2, Cash: 52.07, Volume: 12.0, Price: 226.76
Day 371: Action: 0, Cash: 2319.67, Volume: 2.0, Price: 227.35
Day 372: Action: 0, Cash: 2319.67, Volume: 2.0, Price: 228.43
Day 373: Action: 0, Cash: 2319.67, Volume: 2.0, Price: 232.14
Day 374: Action: 2, Cash: 2319.67, Volume: 2.0, Price: 232.38
Day 375: Action: 0, Cash: 2784.43, Volume: 0.0, Price: 232.52
Day 376: Action: 1, Cash: 2784.43, Volume: 0.0, Price: 232.07
Day 377: Action: 0, Cash: 463.73, Volume: 10.0, Price: 232.53
Day 378: Action: 2, Cash: 463.73, Volume: 10.0, Price: 230.82
Day 379: Action: 0, Cash: 2771.93, Volume: 0.0, Price: 226.50
Day 380: Action: 0, Cash: 2771.93, Volume: 0.0, Price: 233.06
Day 381: Action: 1, Cash: 2771.93, Volume: 0.0, Price: 240.93
Day 382: Action: 0, Cash: 362.63, Volume: 10.0, Price: 241.56
Day 383: Action: 2, Cash: 362.63, Volume: 10.0, Price: 246.29
Day 384: Action: 1, Cash: 2825.53, Volume: 0.0, Price: 247.38
Day 385: Action: 2, Cash: 351.73, Volume: 10.0, Price: 246.47
Day 386: Action: 1, Cash: 2816.43, Volume: 0.0, Price: 242.60
Day 387: Action: 0, Cash: 390.43, Volume: 10.0, Price: 236.65
Day 388: Action: 0, Cash: 390.43, Volume: 10.0, Price: 238.18
Day 389: Action: 1, Cash: 390.43, Volume: 10.0, Price: 239.12
Day 390: Action: 2, Cash: 151.31, Volume: 11.0, Price: 231.00
Day 391: Action: 0, Cash: 2461.31, Volume: 1.0, Price: 231.31
Day 392: Action: 2, Cash: 2461.31, Volume: 1.0, Price: 234.34
Day 393: Action: 1, Cash: 2695.65, Volume: 0.0, Price: 239.16
Day 394: Action: 2, Cash: 304.05, Volume: 10.0, Price: 238.42
Day 395: Action: 0, Cash: 2688.25, Volume: 0.0, Price: 244.68
Day 396: Action: 0, Cash: 2688.25, Volume: 0.0, Price: 243.01
Day 397: Action: 1, Cash: 2688.25, Volume: 0.0, Price: 241.73
Day 398: Action: 0, Cash: 270.95, Volume: 10.0, Price: 239.30
Day 399: Action: 2, Cash: 270.95, Volume: 10.0, Price: 242.96
Day 400: Action: 0, Cash: 2700.55, Volume: 0.0, Price: 238.62
Day 401: Action: 1, Cash: 2700.55, Volume: 0.0, Price: 232.99
Day 402: Action: 0, Cash: 370.65, Volume: 10.0, Price: 222.69
Day 403: Action: 0, Cash: 370.65, Volume: 10.0, Price: 210.32
Day 404: Action: 0, Cash: 370.65, Volume: 10.0, Price: 208.72
Day 405: Action: 2, Cash: 370.65, Volume: 10.0, Price: 206.96
Day 406: Action: 1, Cash: 2440.25, Volume: 0.0, Price: 204.08
Day 407: Action: 2, Cash: 399.45, Volume: 10.0, Price: 199.60
Day 408: Action: 1, Cash: 2395.45, Volume: 0.0, Price: 198.79
Day 409: Action: 2, Cash: 407.55, Volume: 10.0, Price: 201.15
Day 410: Action: 0, Cash: 2419.05, Volume: 0.0, Price: 204.79
Day 411: Action: 1, Cash: 2419.05, Volume: 0.0, Price: 204.86
Day 412: Action: 0, Cash: 370.45, Volume: 10.0, Price: 210.11
Day 413: Action: 0, Cash: 370.45, Volume: 10.0, Price: 205.27
Day 414: Action: 0, Cash: 370.45, Volume: 10.0, Price: 208.56
Day 415: Action: 0, Cash: 370.45, Volume: 10.0, Price: 210.64
Day 416: Action: 2, Cash: 370.45, Volume: 10.0, Price: 207.92
Day 417: Action: 0, Cash: 2449.65, Volume: 0.0, Price: 210.00
Day 418: Action: 0, Cash: 2449.65, Volume: 0.0, Price: 208.39
Day 419: Action: 1, Cash: 2449.65, Volume: 0.0, Price: 208.73
Day 420: Action: 0, Cash: 362.35, Volume: 10.0, Price: 216.82
Day 421: Action: 0, Cash: 362.35, Volume: 10.0, Price: 218.94
Day 422: Action: 0, Cash: 362.35, Volume: 10.0, Price: 213.21
Day 423: Action: 0, Cash: 362.35, Volume: 10.0, Price: 213.49
Day 424: Action: 0, Cash: 362.35, Volume: 10.0, Price: 214.33
Day 425: Action: 0, Cash: 362.35, Volume: 10.0, Price: 212.65
Day 426: Action: 0, Cash: 362.35, Volume: 10.0, Price: 209.53
Day 427: Action: 0, Cash: 362.35, Volume: 10.0, Price: 207.67
Day 428: Action: 2, Cash: 362.35, Volume: 10.0, Price: 211.74
Day 429: Action: 0, Cash: 2479.75, Volume: 0.0, Price: 215.20
Day 430: Action: 0, Cash: 2479.75, Volume: 0.0, Price: 209.87
Day 431: Action: 0, Cash: 2479.75, Volume: 0.0, Price: 208.76
Day 432: Action: 1, Cash: 2479.75, Volume: 0.0, Price: 205.37
Day 433: Action: 0, Cash: 426.05, Volume: 10.0, Price: 210.14

Final portfolio value:    2498.45
Baseline (buy & hold):   2463.24
Profit over baseline:    35.21

==================== META ====================
Day 1: Action: 0, Cash: 2500.00, Volume: 0, Price: 501.78
Day 2: Action: 0, Cash: 2500.00, Volume: 0, Price: 506.57
Day 3: Action: 0, Cash: 2500.00, Volume: 0, Price: 507.03
Day 4: Action: 0, Cash: 2500.00, Volume: 0, Price: 536.81
Day 5: Action: 0, Cash: 2500.00, Volume: 0, Price: 526.28
Day 6: Action: 1, Cash: 2500.00, Volume: 0, Price: 526.95
Day 7: Action: 0, Cash: 392.18, Volume: 4.0, Price: 531.62
Day 8: Action: 0, Cash: 392.18, Volume: 4.0, Price: 509.75
Day 9: Action: 0, Cash: 392.18, Volume: 4.0, Price: 496.00
Day 10: Action: 0, Cash: 392.18, Volume: 4.0, Price: 493.31
Day 11: Action: 0, Cash: 392.18, Volume: 4.0, Price: 486.97
Day 12: Action: 0, Cash: 392.18, Volume: 4.0, Price: 459.33
Day 13: Action: 0, Cash: 392.18, Volume: 4.0, Price: 473.12
Day 14: Action: 0, Cash: 392.18, Volume: 4.0, Price: 474.05
Day 15: Action: 0, Cash: 392.18, Volume: 4.0, Price: 484.60
Day 16: Action: 0, Cash: 392.18, Volume: 4.0, Price: 485.88
Day 17: Action: 2, Cash: 392.18, Volume: 4.0, Price: 458.62
Day 18: Action: 1, Cash: 2226.66, Volume: 0.0, Price: 450.80
Day 19: Action: 0, Cash: 423.44, Volume: 4.0, Price: 463.02
Day 20: Action: 2, Cash: 423.44, Volume: 4.0, Price: 463.03
Day 21: Action: 1, Cash: 2275.58, Volume: 0.0, Price: 460.53
Day 22: Action: 0, Cash: 433.47, Volume: 4.0, Price: 472.10
Day 23: Action: 0, Cash: 433.47, Volume: 4.0, Price: 494.88
Day 24: Action: 0, Cash: 433.47, Volume: 4.0, Price: 485.33
Day 25: Action: 0, Cash: 433.47, Volume: 4.0, Price: 473.00
Day 26: Action: 0, Cash: 433.47, Volume: 4.0, Price: 491.25
Day 27: Action: 2, Cash: 433.47, Volume: 4.0, Price: 486.11
Day 28: Action: 0, Cash: 2377.91, Volume: 0.0, Price: 506.70
Day 29: Action: 1, Cash: 2377.91, Volume: 0.0, Price: 514.79
Day 30: Action: 0, Cash: 318.73, Volume: 4.0, Price: 512.98
Day 31: Action: 2, Cash: 318.73, Volume: 4.0, Price: 525.50
Day 32: Action: 1, Cash: 2420.74, Volume: 0.0, Price: 523.73
Day 33: Action: 2, Cash: 325.81, Volume: 4.0, Price: 534.24
Day 34: Action: 1, Cash: 2462.77, Volume: 0.0, Price: 524.39
Day 35: Action: 2, Cash: 365.22, Volume: 4.0, Price: 526.24
Day 36: Action: 1, Cash: 2470.17, Volume: 0.0, Price: 523.70
Day 37: Action: 0, Cash: 375.36, Volume: 4.0, Price: 532.08
Day 38: Action: 0, Cash: 375.36, Volume: 4.0, Price: 528.87
Day 39: Action: 0, Cash: 375.36, Volume: 4.0, Price: 524.97
Day 40: Action: 0, Cash: 375.36, Volume: 4.0, Price: 518.12
Day 41: Action: 0, Cash: 375.36, Volume: 4.0, Price: 516.12
Day 42: Action: 0, Cash: 375.36, Volume: 4.0, Price: 513.81
Day 43: Action: 0, Cash: 375.36, Volume: 4.0, Price: 515.24
Day 44: Action: 2, Cash: 375.36, Volume: 4.0, Price: 518.31
Day 45: Action: 0, Cash: 2448.62, Volume: 0.0, Price: 508.82
Day 46: Action: 0, Cash: 2448.62, Volume: 0.0, Price: 509.79
Day 47: Action: 1, Cash: 2448.62, Volume: 0.0, Price: 513.89
Day 48: Action: 0, Cash: 393.06, Volume: 4.0, Price: 497.39
Day 49: Action: 0, Cash: 393.06, Volume: 4.0, Price: 501.89
Day 50: Action: 2, Cash: 393.06, Volume: 4.0, Price: 501.89
Day 51: Action: 0, Cash: 2400.61, Volume: 0.0, Price: 508.89
Day 52: Action: 0, Cash: 2400.61, Volume: 0.0, Price: 522.58
Day 53: Action: 1, Cash: 2400.61, Volume: 0.0, Price: 521.60
Day 54: Action: 0, Cash: 314.20, Volume: 4.0, Price: 530.72
Day 55: Action: 0, Cash: 314.20, Volume: 4.0, Price: 533.75
Day 56: Action: 0, Cash: 314.20, Volume: 4.0, Price: 535.37
Day 57: Action: 2, Cash: 314.20, Volume: 4.0, Price: 556.42
Day 58: Action: 0, Cash: 2539.86, Volume: 0.0, Price: 558.66
Day 59: Action: 0, Cash: 2539.86, Volume: 0.0, Price: 561.70
Day 60: Action: 0, Cash: 2539.86, Volume: 0.0, Price: 560.63
Day 61: Action: 0, Cash: 2539.86, Volume: 0.0, Price: 565.58
Day 62: Action: 1, Cash: 2539.86, Volume: 0.0, Price: 565.11
Day 63: Action: 2, Cash: 279.40, Volume: 4.0, Price: 564.64
Day 64: Action: 0, Cash: 2537.95, Volume: 0.0, Price: 569.69
Day 65: Action: 0, Cash: 2537.95, Volume: 0.0, Price: 573.70
Day 66: Action: 1, Cash: 2537.95, Volume: 0.0, Price: 570.06
Day 67: Action: 2, Cash: 257.71, Volume: 4.0, Price: 579.97
Day 68: Action: 1, Cash: 2577.60, Volume: 0.0, Price: 593.08
Day 69: Action: 2, Cash: 205.28, Volume: 4.0, Price: 581.97
Day 70: Action: 1, Cash: 2533.17, Volume: 0.0, Price: 590.04
Day 71: Action: 2, Cash: 173.00, Volume: 4.0, Price: 587.68
Day 72: Action: 0, Cash: 2523.70, Volume: 0.0, Price: 581.03
Day 73: Action: 0, Cash: 2523.70, Volume: 0.0, Price: 587.12
Day 74: Action: 1, Cash: 2523.70, Volume: 0.0, Price: 587.59
Day 75: Action: 0, Cash: 173.35, Volume: 4.0, Price: 583.46
Day 76: Action: 0, Cash: 173.35, Volume: 4.0, Price: 574.02
Day 77: Action: 2, Cash: 173.35, Volume: 4.0, Price: 574.16
Day 78: Action: 0, Cash: 2470.00, Volume: 0.0, Price: 573.70
Day 79: Action: 0, Cash: 2470.00, Volume: 0.0, Price: 572.40
Day 80: Action: 1, Cash: 2470.00, Volume: 0.0, Price: 579.22
Day 81: Action: 0, Cash: 153.13, Volume: 4.0, Price: 560.98
Day 82: Action: 0, Cash: 153.13, Volume: 4.0, Price: 565.06
Day 83: Action: 0, Cash: 153.13, Volume: 4.0, Price: 570.50
Day 84: Action: 0, Cash: 153.13, Volume: 4.0, Price: 575.39
Day 85: Action: 2, Cash: 153.13, Volume: 4.0, Price: 590.43
Day 86: Action: 0, Cash: 2514.86, Volume: 0.0, Price: 588.96
Day 87: Action: 1, Cash: 2514.86, Volume: 0.0, Price: 564.86
Day 88: Action: 0, Cash: 255.44, Volume: 4.0, Price: 564.44
Day 89: Action: 0, Cash: 255.44, Volume: 4.0, Price: 557.99
Day 90: Action: 2, Cash: 255.44, Volume: 4.0, Price: 569.68
Day 91: Action: 0, Cash: 2534.17, Volume: 0.0, Price: 569.30
Day 92: Action: 0, Cash: 2534.17, Volume: 0.0, Price: 588.86
Day 93: Action: 1, Cash: 2534.17, Volume: 0.0, Price: 586.51
Day 94: Action: 0, Cash: 188.12, Volume: 4.0, Price: 580.37
Day 95: Action: 0, Cash: 188.12, Volume: 4.0, Price: 582.01
Day 96: Action: 0, Cash: 188.12, Volume: 4.0, Price: 577.22
Day 97: Action: 0, Cash: 188.12, Volume: 4.0, Price: 574.39
Day 98: Action: 0, Cash: 188.12, Volume: 4.0, Price: 551.42
Day 99: Action: 2, Cash: 188.12, Volume: 4.0, Price: 551.74
Day 100: Action: 0, Cash: 2395.08, Volume: 0.0, Price: 558.40
Day 101: Action: 0, Cash: 2395.08, Volume: 0.0, Price: 562.81
Day 102: Action: 0, Cash: 2395.08, Volume: 0.0, Price: 560.39
Day 103: Action: 0, Cash: 2395.08, Volume: 0.0, Price: 556.46
Day 104: Action: 1, Cash: 2395.08, Volume: 0.0, Price: 562.40
Day 105: Action: 2, Cash: 145.49, Volume: 4.0, Price: 570.79
Day 106: Action: 1, Cash: 2428.64, Volume: 0.0, Price: 566.47
Day 107: Action: 0, Cash: 162.77, Volume: 4.0, Price: 571.56
Day 108: Action: 0, Cash: 162.77, Volume: 4.0, Price: 589.99
Day 109: Action: 0, Cash: 162.77, Volume: 4.0, Price: 610.71
Day 110: Action: 0, Cash: 162.77, Volume: 4.0, Price: 610.83
Day 111: Action: 2, Cash: 162.77, Volume: 4.0, Price: 606.01
Day 112: Action: 0, Cash: 2586.80, Volume: 0.0, Price: 620.78
Day 113: Action: 1, Cash: 2586.80, Volume: 0.0, Price: 610.63
Day 114: Action: 2, Cash: 144.29, Volume: 4.0, Price: 616.35
Day 115: Action: 1, Cash: 2609.69, Volume: 0.0, Price: 629.64
Day 116: Action: 0, Cash: 91.11, Volume: 4.0, Price: 627.76
Day 117: Action: 2, Cash: 91.11, Volume: 4.0, Price: 617.37
Day 118: Action: 0, Cash: 2560.60, Volume: 0.0, Price: 621.75
Day 119: Action: 0, Cash: 2560.60, Volume: 0.0, Price: 616.96
Day 120: Action: 0, Cash: 2560.60, Volume: 0.0, Price: 594.80
Day 121: Action: 0, Cash: 2560.60, Volume: 0.0, Price: 593.19
Day 122: Action: 0, Cash: 2560.60, Volume: 0.0, Price: 582.91
Day 123: Action: 1, Cash: 2560.60, Volume: 0.0, Price: 597.45
Day 124: Action: 0, Cash: 170.79, Volume: 4.0, Price: 605.32
Day 125: Action: 2, Cash: 170.79, Volume: 4.0, Price: 600.94
Day 126: Action: 0, Cash: 2574.55, Volume: 0.0, Price: 597.41
Day 127: Action: 0, Cash: 2574.55, Volume: 0.0, Price: 588.88
Day 128: Action: 1, Cash: 2574.55, Volume: 0.0, Price: 583.17
Day 129: Action: 2, Cash: 241.87, Volume: 4.0, Price: 596.85
Day 130: Action: 0, Cash: 2629.25, Volume: 0.0, Price: 602.21
Day 131: Action: 1, Cash: 2629.25, Volume: 0.0, Price: 627.68
Day 132: Action: 0, Cash: 118.52, Volume: 4.0, Price: 615.42
Day 133: Action: 0, Cash: 118.52, Volume: 4.0, Price: 608.28
Day 134: Action: 2, Cash: 118.52, Volume: 4.0, Price: 613.40
Day 135: Action: 1, Cash: 2572.12, Volume: 0.0, Price: 605.90
Day 136: Action: 0, Cash: 148.52, Volume: 4.0, Price: 591.88
Day 137: Action: 0, Cash: 148.52, Volume: 4.0, Price: 614.65
Day 138: Action: 0, Cash: 148.52, Volume: 4.0, Price: 608.86
Day 139: Action: 0, Cash: 148.52, Volume: 4.0, Price: 610.32
Day 140: Action: 0, Cash: 148.52, Volume: 4.0, Price: 614.00
Day 141: Action: 0, Cash: 148.52, Volume: 4.0, Price: 621.01
Day 142: Action: 2, Cash: 148.52, Volume: 4.0, Price: 633.91
Day 143: Action: 0, Cash: 2684.15, Volume: 0.0, Price: 644.90
Day 144: Action: 1, Cash: 2684.15, Volume: 0.0, Price: 657.24
Day 145: Action: 2, Cash: 55.18, Volume: 4.0, Price: 671.64
Day 146: Action: 0, Cash: 2741.72, Volume: 0.0, Price: 673.79
Day 147: Action: 1, Cash: 2741.72, Volume: 0.0, Price: 684.25
Day 148: Action: 2, Cash: 4.70, Volume: 4.0, Price: 686.43
Day 149: Action: 1, Cash: 2750.40, Volume: 0.0, Price: 694.67
Day 150: Action: 2, Cash: 666.38, Volume: 3.0, Price: 701.38
Day 151: Action: 0, Cash: 2770.51, Volume: 0.0, Price: 702.05
Day 152: Action: 0, Cash: 2770.51, Volume: 0.0, Price: 709.14
Day 153: Action: 0, Cash: 2770.51, Volume: 0.0, Price: 711.66
Day 154: Action: 0, Cash: 2770.51, Volume: 0.0, Price: 714.53
Day 155: Action: 0, Cash: 2770.51, Volume: 0.0, Price: 716.92
Day 156: Action: 0, Cash: 2770.51, Volume: 0.0, Price: 722.48
Day 157: Action: 0, Cash: 2770.51, Volume: 0.0, Price: 725.65
Day 158: Action: 0, Cash: 2770.51, Volume: 0.0, Price: 733.73
Day 159: Action: 0, Cash: 2770.51, Volume: 0.0, Price: 713.51
Day 160: Action: 0, Cash: 2770.51, Volume: 0.0, Price: 700.96
Day 161: Action: 0, Cash: 2770.51, Volume: 0.0, Price: 692.06
Day 162: Action: 1, Cash: 2770.51, Volume: 0.0, Price: 680.82
Day 163: Action: 0, Cash: 47.24, Volume: 4.0, Price: 665.46
Day 164: Action: 0, Cash: 47.24, Volume: 4.0, Price: 654.87
Day 165: Action: 0, Cash: 47.24, Volume: 4.0, Price: 671.01
Day 166: Action: 0, Cash: 47.24, Volume: 4.0, Price: 655.61
Day 167: Action: 2, Cash: 47.24, Volume: 4.0, Price: 665.53
Day 168: Action: 0, Cash: 2709.36, Volume: 0.0, Price: 652.43
Day 169: Action: 1, Cash: 2709.36, Volume: 0.0, Price: 637.44
Day 170: Action: 0, Cash: 159.59, Volume: 4.0, Price: 653.85
Day 171: Action: 2, Cash: 159.59, Volume: 4.0, Price: 625.42
Day 172: Action: 1, Cash: 2661.27, Volume: 0.0, Price: 623.16
Day 173: Action: 0, Cash: 168.63, Volume: 4.0, Price: 595.60
Day 174: Action: 0, Cash: 168.63, Volume: 4.0, Price: 603.29
Day 175: Action: 0, Cash: 168.63, Volume: 4.0, Price: 617.08
Day 176: Action: 0, Cash: 168.63, Volume: 4.0, Price: 588.28
Day 177: Action: 2, Cash: 168.63, Volume: 4.0, Price: 605.71
Day 178: Action: 1, Cash: 2591.47, Volume: 0.0, Price: 603.02
Day 179: Action: 0, Cash: 179.40, Volume: 4.0, Price: 580.55
Day 180: Action: 0, Cash: 179.40, Volume: 4.0, Price: 582.24
Day 181: Action: 2, Cash: 179.40, Volume: 4.0, Price: 584.18
Day 182: Action: 0, Cash: 2516.11, Volume: 0.0, Price: 594.40
Day 183: Action: 0, Cash: 2516.11, Volume: 0.0, Price: 616.93
Day 184: Action: 0, Cash: 2516.11, Volume: 0.0, Price: 624.36
Day 185: Action: 0, Cash: 2516.11, Volume: 0.0, Price: 609.08
Day 186: Action: 0, Cash: 2516.11, Volume: 0.0, Price: 600.71
Day 187: Action: 1, Cash: 2516.11, Volume: 0.0, Price: 574.95
Day 188: Action: 2, Cash: 216.32, Volume: 4.0, Price: 574.57
Day 189: Action: 1, Cash: 2514.59, Volume: 0.0, Price: 584.18
Day 190: Action: 0, Cash: 177.88, Volume: 4.0, Price: 582.11
Day 191: Action: 0, Cash: 177.88, Volume: 4.0, Price: 529.97
Day 192: Action: 0, Cash: 177.88, Volume: 4.0, Price: 503.16
Day 193: Action: 0, Cash: 177.88, Volume: 4.0, Price: 514.64
Day 194: Action: 0, Cash: 177.88, Volume: 4.0, Price: 508.86
Day 195: Action: 0, Cash: 177.88, Volume: 4.0, Price: 583.95
Day 196: Action: 0, Cash: 177.88, Volume: 4.0, Price: 544.59
Day 197: Action: 2, Cash: 177.88, Volume: 4.0, Price: 541.88
Day 198: Action: 1, Cash: 2345.40, Volume: 0.0, Price: 529.83
Day 199: Action: 2, Cash: 226.09, Volume: 4.0, Price: 519.90
Day 200: Action: 1, Cash: 2305.68, Volume: 0.0, Price: 500.75
Day 201: Action: 2, Cash: 302.69, Volume: 4.0, Price: 499.92
Day 202: Action: 1, Cash: 2302.37, Volume: 0.0, Price: 483.15
Day 203: Action: 2, Cash: 369.76, Volume: 4.0, Price: 498.72
Day 204: Action: 1, Cash: 2364.66, Volume: 0.0, Price: 518.65
Day 205: Action: 0, Cash: 290.05, Volume: 4.0, Price: 531.49
Day 206: Action: 0, Cash: 290.05, Volume: 4.0, Price: 545.57
Day 207: Action: 2, Cash: 290.05, Volume: 4.0, Price: 548.03
Day 208: Action: 1, Cash: 2482.17, Volume: 0.0, Price: 552.72
Day 209: Action: 2, Cash: 271.31, Volume: 4.0, Price: 547.29
Day 210: Action: 0, Cash: 2460.48, Volume: 0.0, Price: 570.43
Day 211: Action: 1, Cash: 2460.48, Volume: 0.0, Price: 595.16
Day 212: Action: 2, Cash: 79.83, Volume: 4.0, Price: 597.41
Day 213: Action: 0, Cash: 2469.45, Volume: 0.0, Price: 585.48
Day 214: Action: 1, Cash: 2469.45, Volume: 0.0, Price: 594.95
Day 215: Action: 0, Cash: 89.64, Volume: 4.0, Price: 596.15
Day 216: Action: 1, Cash: 89.64, Volume: 4.0, Price: 590.65
Day 217: Action: 2, Cash: 89.64, Volume: 4.0, Price: 637.44
Day 218: Action: 1, Cash: 2639.40, Volume: 0.0, Price: 653.99
Day 219: Action: 0, Cash: 23.44, Volume: 4.0, Price: 657.31
Day 220: Action: 0, Cash: 23.44, Volume: 4.0, Price: 641.88
Day 221: Action: 0, Cash: 23.44, Volume: 4.0, Price: 638.35
Day 222: Action: 0, Cash: 23.44, Volume: 4.0, Price: 638.44
Day 223: Action: 1, Cash: 23.44, Volume: 4.0, Price: 635.12
Day 224: Action: 1, Cash: 23.44, Volume: 4.0, Price: 633.52
Day 225: Action: 0, Cash: 23.44, Volume: 4.0, Price: 634.59
Day 226: Action: 1, Cash: 23.44, Volume: 4.0, Price: 625.11
Day 227: Action: 0, Cash: 23.44, Volume: 4.0, Price: 640.32
Day 228: Action: 0, Cash: 23.44, Volume: 4.0, Price: 641.58
Day 229: Action: 2, Cash: 23.44, Volume: 4.0, Price: 643.04
Day 230: Action: 0, Cash: 2595.62, Volume: 0.0, Price: 645.48
Day 231: Action: 0, Cash: 2595.62, Volume: 0.0, Price: 668.81
Day 232: Action: 0, Cash: 2595.62, Volume: 0.0, Price: 664.78
Day 233: Action: 1, Cash: 2595.62, Volume: 0.0, Price: 685.81
Day 234: Action: 2, Cash: 538.19, Volume: 3.0, Price: 682.49
Day 235: Action: 1, Cash: 2585.66, Volume: 0.0, Price: 695.54
Day 236: Action: 2, Cash: 499.04, Volume: 3.0, Price: 691.90
Day 237: Action: 1, Cash: 2574.74, Volume: 0.0, Price: 700.22
Day 238: Action: 2, Cash: 474.10, Volume: 3.0, Price: 691.98
Day 239: Action: 1, Cash: 2550.04, Volume: 0.0, Price: 691.20
Day 240: Action: 0, Cash: 476.43, Volume: 3.0, Price: 680.75
Day 241: Action: 0, Cash: 476.43, Volume: 3.0, Price: 700.47
Day 242: Action: 2, Cash: 476.43, Volume: 3.0, Price: 695.60
Day 243: Action: 0, Cash: 2563.22, Volume: 0.0, Price: 694.14
Day 244: Action: 0, Cash: 2563.22, Volume: 0.0, Price: 680.75
Day 245: Action: 0, Cash: 2563.22, Volume: 0.0, Price: 696.89
Day 246: Action: 0, Cash: 2563.22, Volume: 0.0, Price: 710.53
Day 247: Action: 0, Cash: 2563.22, Volume: 0.0, Price: 707.02
Day 248: Action: 1, Cash: 2563.22, Volume: 0.0, Price: 724.39
Day 249: Action: 2, Cash: 390.05, Volume: 3.0, Price: 731.91
Day 250: Action: 0, Cash: 2585.79, Volume: 0.0, Price: 736.36
Day 251: Action: 0, Cash: 2585.79, Volume: 0.0, Price: 717.53
Day 252: Action: 0, Cash: 2585.79, Volume: 0.0, Price: 711.90
Day 253: Action: 0, Cash: 2585.79, Volume: 0.0, Price: 717.33
Day 254: Action: 0, Cash: 2585.79, Volume: 0.0, Price: 716.67
Day 255: Action: 1, Cash: 2585.79, Volume: 0.0, Price: 718.98
Day 256: Action: 0, Cash: 428.84, Volume: 3.0, Price: 731.06
Day 257: Action: 2, Cash: 428.84, Volume: 3.0, Price: 725.54
Day 258: Action: 1, Cash: 2605.45, Volume: 0.0, Price: 715.83
Day 259: Action: 0, Cash: 457.96, Volume: 3.0, Price: 719.23
Day 260: Action: 0, Cash: 457.96, Volume: 3.0, Price: 708.73
Day 261: Action: 2, Cash: 457.96, Volume: 3.0, Price: 701.26
Day 262: Action: 1, Cash: 2561.75, Volume: 0.0, Price: 699.77
Day 263: Action: 0, Cash: 462.45, Volume: 3.0, Price: 702.63
Day 264: Action: 0, Cash: 462.45, Volume: 3.0, Price: 711.30
Day 265: Action: 0, Cash: 462.45, Volume: 3.0, Price: 703.16
Day 266: Action: 0, Cash: 462.45, Volume: 3.0, Price: 711.91
Day 267: Action: 0, Cash: 462.45, Volume: 3.0, Price: 713.13
Day 268: Action: 0, Cash: 462.45, Volume: 3.0, Price: 711.01
Day 269: Action: 2, Cash: 462.45, Volume: 3.0, Price: 715.95
Day 270: Action: 1, Cash: 2610.30, Volume: 0.0, Price: 698.36
Day 271: Action: 2, Cash: 515.22, Volume: 3.0, Price: 693.58
Day 272: Action: 0, Cash: 2595.96, Volume: 0.0, Price: 771.63
Day 273: Action: 0, Cash: 2595.96, Volume: 0.0, Price: 748.25
Day 274: Action: 1, Cash: 2595.96, Volume: 0.0, Price: 774.55
Day 275: Action: 0, Cash: 272.31, Volume: 3.0, Price: 761.67
Day 276: Action: 2, Cash: 272.31, Volume: 3.0, Price: 770.18
Day 277: Action: 1, Cash: 2582.85, Volume: 0.0, Price: 760.04
Day 278: Action: 0, Cash: 302.72, Volume: 3.0, Price: 767.50
Day 279: Action: 2, Cash: 302.72, Volume: 3.0, Price: 764.08
Day 280: Action: 1, Cash: 2594.94, Volume: 0.0, Price: 788.15
Day 281: Action: 2, Cash: 230.50, Volume: 3.0, Price: 778.25
Day 282: Action: 1, Cash: 2565.25, Volume: 0.0, Price: 780.30
Day 283: Action: 2, Cash: 224.36, Volume: 3.0, Price: 783.39
Day 284: Action: 0, Cash: 2574.53, Volume: 0.0, Price: 765.57
Day 285: Action: 0, Cash: 2574.53, Volume: 0.0, Price: 749.72
Day 286: Action: 1, Cash: 2574.53, Volume: 0.0, Price: 745.97
Day 287: Action: 2, Cash: 336.63, Volume: 3.0, Price: 737.37
Day 288: Action: 0, Cash: 2548.73, Volume: 0.0, Price: 753.02
Day 289: Action: 0, Cash: 2548.73, Volume: 0.0, Price: 751.53
Day 290: Action: 1, Cash: 2548.73, Volume: 0.0, Price: 752.33
Day 291: Action: 2, Cash: 291.73, Volume: 3.0, Price: 745.63
Day 292: Action: 0, Cash: 2528.62, Volume: 0.0, Price: 749.35
Day 293: Action: 0, Cash: 2528.62, Volume: 0.0, Price: 736.97
Day 294: Action: 1, Cash: 2528.62, Volume: 0.0, Price: 733.39
Day 295: Action: 0, Cash: 328.46, Volume: 3.0, Price: 735.32
Day 296: Action: 0, Cash: 328.46, Volume: 3.0, Price: 746.90
Day 297: Action: 0, Cash: 328.46, Volume: 3.0, Price: 750.69
Day 298: Action: 0, Cash: 328.46, Volume: 3.0, Price: 750.54
Day 299: Action: 0, Cash: 328.46, Volume: 3.0, Price: 763.91
Day 300: Action: 0, Cash: 328.46, Volume: 3.0, Price: 750.22
Day 301: Action: 0, Cash: 328.46, Volume: 3.0, Price: 749.14
Day 302: Action: 0, Cash: 328.46, Volume: 3.0, Price: 753.82
Day 303: Action: 0, Cash: 328.46, Volume: 3.0, Price: 762.91
Day 304: Action: 0, Cash: 328.46, Volume: 3.0, Price: 777.17
Day 305: Action: 2, Cash: 328.46, Volume: 3.0, Price: 773.90
Day 306: Action: 0, Cash: 2650.17, Volume: 0.0, Price: 778.42
Day 307: Action: 0, Cash: 2650.17, Volume: 0.0, Price: 776.56
Day 308: Action: 0, Cash: 2650.17, Volume: 0.0, Price: 763.88
Day 309: Action: 0, Cash: 2650.17, Volume: 0.0, Price: 754.14
Day 310: Action: 0, Cash: 2650.17, Volume: 0.0, Price: 759.39
Day 311: Action: 1, Cash: 2650.17, Volume: 0.0, Price: 747.66
Day 312: Action: 2, Cash: 407.19, Volume: 3.0, Price: 742.51
Day 313: Action: 1, Cash: 2634.71, Volume: 0.0, Price: 742.16
Day 314: Action: 2, Cash: 408.23, Volume: 3.0, Price: 733.15
Day 315: Action: 1, Cash: 2607.70, Volume: 0.0, Price: 716.14
Day 316: Action: 0, Cash: 459.27, Volume: 3.0, Price: 725.84
Day 317: Action: 0, Cash: 459.27, Volume: 3.0, Price: 709.37
Day 318: Action: 0, Cash: 459.27, Volume: 3.0, Price: 714.47
Day 319: Action: 0, Cash: 459.27, Volume: 3.0, Price: 711.89
Day 320: Action: 2, Cash: 459.27, Volume: 3.0, Price: 716.64
Day 321: Action: 0, Cash: 2609.19, Volume: 0.0, Price: 732.29
Day 322: Action: 1, Cash: 2609.19, Volume: 0.0, Price: 704.12
Day 323: Action: 0, Cash: 496.83, Volume: 3.0, Price: 714.51
Day 324: Action: 0, Cash: 496.83, Volume: 3.0, Price: 707.47
Day 325: Action: 0, Cash: 496.83, Volume: 3.0, Price: 716.35
Day 326: Action: 0, Cash: 496.83, Volume: 3.0, Price: 710.88
Day 327: Action: 0, Cash: 496.83, Volume: 3.0, Price: 715.72
Day 328: Action: 0, Cash: 496.83, Volume: 3.0, Price: 730.95
Day 329: Action: 0, Cash: 496.83, Volume: 3.0, Price: 732.05
Day 330: Action: 0, Cash: 496.83, Volume: 3.0, Price: 732.19
Day 331: Action: 0, Cash: 496.83, Volume: 3.0, Price: 732.77
Day 332: Action: 0, Cash: 496.83, Volume: 3.0, Price: 737.13
Day 333: Action: 2, Cash: 496.83, Volume: 3.0, Price: 749.57
Day 334: Action: 1, Cash: 2745.53, Volume: 0.0, Price: 750.19
Day 335: Action: 2, Cash: 494.97, Volume: 3.0, Price: 750.41
Day 336: Action: 0, Cash: 2746.21, Volume: 0.0, Price: 665.36
Day 337: Action: 1, Cash: 2746.21, Volume: 0.0, Price: 647.27
Day 338: Action: 0, Cash: 157.14, Volume: 4.0, Price: 636.65
Day 339: Action: 0, Cash: 157.14, Volume: 4.0, Price: 626.27
Day 340: Action: 0, Cash: 157.14, Volume: 4.0, Price: 634.89
Day 341: Action: 0, Cash: 157.14, Volume: 4.0, Price: 617.91
Day 342: Action: 0, Cash: 157.14, Volume: 4.0, Price: 620.67
Day 343: Action: 2, Cash: 157.14, Volume: 4.0, Price: 630.71
Day 344: Action: 1, Cash: 2679.97, Volume: 0.0, Price: 626.03
Day 345: Action: 0, Cash: 175.83, Volume: 4.0, Price: 607.99
Day 346: Action: 2, Cash: 175.83, Volume: 4.0, Price: 608.87
Day 347: Action: 0, Cash: 2611.32, Volume: 0.0, Price: 608.44
Day 348: Action: 0, Cash: 2611.32, Volume: 0.0, Price: 601.00
Day 349: Action: 1, Cash: 2611.32, Volume: 0.0, Price: 596.69
Day 350: Action: 2, Cash: 224.55, Volume: 4.0, Price: 589.33
Day 351: Action: 1, Cash: 2581.89, Volume: 0.0, Price: 588.17
Day 352: Action: 2, Cash: 229.22, Volume: 4.0, Price: 593.26
Day 353: Action: 0, Cash: 2602.25, Volume: 0.0, Price: 612.03
Day 354: Action: 0, Cash: 2602.25, Volume: 0.0, Price: 635.16
Day 355: Action: 0, Cash: 2602.25, Volume: 0.0, Price: 632.55
Day 356: Action: 1, Cash: 2602.25, Volume: 0.0, Price: 646.87
Day 357: Action: 2, Cash: 14.78, Volume: 4.0, Price: 639.80
Day 358: Action: 0, Cash: 2573.98, Volume: 0.0, Price: 646.02
Day 359: Action: 0, Cash: 2573.98, Volume: 0.0, Price: 638.53
Day 360: Action: 0, Cash: 2573.98, Volume: 0.0, Price: 660.43
Day 361: Action: 1, Cash: 2573.98, Volume: 0.0, Price: 672.30
Day 362: Action: 2, Cash: 557.10, Volume: 3.0, Price: 665.69
Day 363: Action: 0, Cash: 2554.16, Volume: 0.0, Price: 655.86
Day 364: Action: 0, Cash: 2554.16, Volume: 0.0, Price: 649.04
Day 365: Action: 0, Cash: 2554.16, Volume: 0.0, Price: 651.62
Day 366: Action: 0, Cash: 2554.16, Volume: 0.0, Price: 643.15
Day 367: Action: 1, Cash: 2554.16, Volume: 0.0, Price: 646.96
Day 368: Action: 0, Cash: 613.29, Volume: 3.0, Price: 656.59
Day 369: Action: 0, Cash: 613.29, Volume: 3.0, Price: 648.94
Day 370: Action: 0, Cash: 613.29, Volume: 3.0, Price: 663.88
Day 371: Action: 2, Cash: 613.29, Volume: 3.0, Price: 658.21
Day 372: Action: 0, Cash: 2587.91, Volume: 0.0, Price: 660.93
Day 373: Action: 0, Cash: 2587.91, Volume: 0.0, Price: 664.37
Day 374: Action: 0, Cash: 2587.91, Volume: 0.0, Price: 666.98
Day 375: Action: 1, Cash: 2587.91, Volume: 0.0, Price: 662.72
Day 376: Action: 2, Cash: 599.74, Volume: 3.0, Price: 658.13
Day 377: Action: 0, Cash: 2574.12, Volume: 0.0, Price: 665.38
Day 378: Action: 0, Cash: 2574.12, Volume: 0.0, Price: 659.53
Day 379: Action: 1, Cash: 2574.12, Volume: 0.0, Price: 649.85
Day 380: Action: 0, Cash: 624.56, Volume: 3.0, Price: 658.23
Day 381: Action: 0, Cash: 624.56, Volume: 3.0, Price: 660.05
Day 382: Action: 0, Cash: 624.56, Volume: 3.0, Price: 648.14
Day 383: Action: 2, Cash: 624.56, Volume: 3.0, Price: 645.51
Day 384: Action: 1, Cash: 2561.08, Volume: 0.0, Price: 652.50
Day 385: Action: 0, Cash: 603.58, Volume: 3.0, Price: 641.42
Day 386: Action: 0, Cash: 603.58, Volume: 3.0, Price: 630.55
Day 387: Action: 2, Cash: 603.58, Volume: 3.0, Price: 614.99
Day 388: Action: 1, Cash: 2448.56, Volume: 0.0, Price: 620.27
Day 389: Action: 0, Cash: 587.75, Volume: 3.0, Price: 619.72
Day 390: Action: 0, Cash: 587.75, Volume: 3.0, Price: 603.60
Day 391: Action: 0, Cash: 587.75, Volume: 3.0, Price: 612.44
Day 392: Action: 0, Cash: 587.75, Volume: 3.0, Price: 647.08
Day 393: Action: 0, Cash: 587.75, Volume: 3.0, Price: 658.20
Day 394: Action: 0, Cash: 587.75, Volume: 3.0, Price: 671.78
Day 395: Action: 2, Cash: 587.75, Volume: 3.0, Price: 672.39
Day 396: Action: 0, Cash: 2604.93, Volume: 0.0, Price: 668.16
Day 397: Action: 0, Cash: 2604.93, Volume: 0.0, Price: 737.68
Day 398: Action: 0, Cash: 2604.93, Volume: 0.0, Price: 715.89
Day 399: Action: 1, Cash: 2604.93, Volume: 0.0, Price: 705.81
Day 400: Action: 0, Cash: 487.51, Volume: 3.0, Price: 691.11
Day 401: Action: 2, Cash: 487.51, Volume: 3.0, Price: 668.42
Day 402: Action: 1, Cash: 2492.77, Volume: 0.0, Price: 669.64
Day 403: Action: 0, Cash: 483.86, Volume: 3.0, Price: 660.89
Day 404: Action: 0, Cash: 483.86, Volume: 3.0, Price: 676.64
Day 405: Action: 0, Cash: 483.86, Volume: 3.0, Price: 670.15
Day 406: Action: 0, Cash: 483.86, Volume: 3.0, Price: 668.12
Day 407: Action: 0, Cash: 483.86, Volume: 3.0, Price: 649.25
Day 408: Action: 0, Cash: 483.86, Volume: 3.0, Price: 639.22
Day 409: Action: 2, Cash: 483.86, Volume: 3.0, Price: 638.74
Day 410: Action: 1, Cash: 2400.09, Volume: 0.0, Price: 642.67
Day 411: Action: 0, Cash: 472.08, Volume: 3.0, Price: 644.23
Day 412: Action: 0, Cash: 472.08, Volume: 3.0, Price: 655.10
Day 413: Action: 2, Cash: 472.08, Volume: 3.0, Price: 636.70
Day 414: Action: 0, Cash: 2382.19, Volume: 0.0, Price: 638.75
Day 415: Action: 1, Cash: 2382.19, Volume: 0.0, Price: 653.13
Day 416: Action: 0, Cash: 422.80, Volume: 3.0, Price: 656.45
Day 417: Action: 0, Cash: 422.80, Volume: 3.0, Price: 647.63
Day 418: Action: 2, Cash: 422.80, Volume: 3.0, Price: 653.00
Day 419: Action: 0, Cash: 2381.80, Volume: 0.0, Price: 654.52
Day 420: Action: 1, Cash: 2381.80, Volume: 0.0, Price: 667.16
Day 421: Action: 0, Cash: 380.33, Volume: 3.0, Price: 660.00
Day 422: Action: 0, Cash: 380.33, Volume: 3.0, Price: 644.31
Day 423: Action: 0, Cash: 380.33, Volume: 3.0, Price: 646.84
Day 424: Action: 2, Cash: 380.33, Volume: 3.0, Price: 653.51
Day 425: Action: 1, Cash: 2340.86, Volume: 0.0, Price: 654.30
Day 426: Action: 0, Cash: 377.96, Volume: 3.0, Price: 637.63
Day 427: Action: 0, Cash: 377.96, Volume: 3.0, Price: 613.18
Day 428: Action: 0, Cash: 377.96, Volume: 3.0, Price: 627.45
Day 429: Action: 0, Cash: 377.96, Volume: 3.0, Price: 622.66
Day 430: Action: 0, Cash: 377.96, Volume: 3.0, Price: 615.68
Day 431: Action: 0, Cash: 377.96, Volume: 3.0, Price: 606.70
Day 432: Action: 0, Cash: 377.96, Volume: 3.0, Price: 593.66
Day 433: Action: 2, Cash: 377.96, Volume: 3.0, Price: 604.06

Final portfolio value:    2190.14
Baseline (buy & hold):   2546.82
Profit over baseline:    -356.68
