Using device: cpu
Day 1: TESTING Action: 0, Volume: 5, Cash:    2000.00, TotalVolume:    0, Price:   185.99
Day 2: TESTING Action: 0, Volume: 5, Cash:    2000.00, TotalVolume:    0, Price:   185.47
Day 3: TESTING Action: 0, Volume: 5, Cash:    2000.00, TotalVolume:    0, Price:   186.87
Day 4: TESTING Action: 0, Volume: 5, Cash:    2000.00, TotalVolume:    0, Price:   184.20
Day 5: TESTING Action: 0, Volume: 5, Cash:    2000.00, TotalVolume:    0, Price:   181.34
Day 6: TESTING Action: 0, Volume: 5, Cash:    2000.00, TotalVolume:    0, Price:   177.96
Day 7: TESTING Action: 0, Volume: 5, Cash:    2000.00, TotalVolume:    0, Price:   178.13
Day 8: TESTING Action: 0, Volume: 5, Cash:    2000.00, TotalVolume:    0, Price:   182.06
Day 9: TESTING Action: 0, Volume: 5, Cash:    2000.00, TotalVolume:    0, Price:   182.31
Day 10: TESTING Action: 0, Volume: 5, Cash:    2000.00, TotalVolume:    0, Price:   173.15
Day 11: TESTING Action: 0, Volume: 5, Cash:    2000.00, TotalVolume:    0, Price:   167.97
Day 12: TESTING Action: 0, Volume: 5, Cash:    2000.00, TotalVolume:    0, Price:   167.50
Day 13: TESTING Action: 0, Volume: 5, Cash:    2000.00, TotalVolume:    0, Price:   169.93
Day 14: TESTING Action: 0, Volume: 5, Cash:    2000.00, TotalVolume:    0, Price:   170.65
Day 15: TESTING Action: 0, Volume: 5, Cash:    2000.00, TotalVolume:    0, Price:   171.94
Day 16: TESTING Action: 0, Volume: 5, Cash:    2000.00, TotalVolume:    0, Price:   171.24
Day 17: TESTING Action: 0, Volume: 5, Cash:    2000.00, TotalVolume:    0, Price:   167.22
Day 18: TESTING Action: 0, Volume: 5, Cash:    2000.00, TotalVolume:    0, Price:   159.51
Day 19: TESTING Action: 0, Volume: 5, Cash:    2000.00, TotalVolume:    0, Price:   159.41
Day 20: TESTING Action: 0, Volume: 5, Cash:    2000.00, TotalVolume:    0, Price:   159.62
Day 21: TESTING Action: 0, Volume: 5, Cash:    2000.00, TotalVolume:    0, Price:   162.69
Day 22: TESTING Action: 0, Volume: 5, Cash:    2000.00, TotalVolume:    0, Price:   164.23
Day 23: TESTING Action: 0, Volume: 5, Cash:    2000.00, TotalVolume:    0, Price:   162.80
Day 24: TESTING Action: 0, Volume: 5, Cash:    2000.00, TotalVolume:    0, Price:   164.77
Day 25: TESTING Action: 0, Volume: 5, Cash:    2000.00, TotalVolume:    0, Price:   160.89
Day 26: TESTING Action: 0, Volume: 5, Cash:    2000.00, TotalVolume:    0, Price:   162.03
Day 27: TESTING Action: 0, Volume: 5, Cash:    2000.00, TotalVolume:    0, Price:   163.58
Day 28: TESTING Action: 0, Volume: 5, Cash:    2000.00, TotalVolume:    0, Price:   167.22
Day 29: TESTING Action: 0, Volume: 5, Cash:    2000.00, TotalVolume:    0, Price:   167.77
Day 30: TESTING Action: 0, Volume: 5, Cash:    2000.00, TotalVolume:    0, Price:   166.45
Day 31: TESTING Action: 0, Volume: 5, Cash:    2000.00, TotalVolume:    0, Price:   164.33
Day 32: TESTING Action: 0, Volume: 5, Cash:    2000.00, TotalVolume:    0, Price:   166.26
Day 33: TESTING Action: 0, Volume: 5, Cash:    2000.00, TotalVolume:    0, Price:   166.75
Day 34: TESTING Action: 0, Volume: 5, Cash:    2000.00, TotalVolume:    0, Price:   165.21
Day 35: TESTING Action: 0, Volume: 5, Cash:    2000.00, TotalVolume:    0, Price:   163.35
Day 36: TESTING Action: 0, Volume: 5, Cash:    2000.00, TotalVolume:    0, Price:   162.25
Day 37: TESTING Action: 1, Volume: 5, Cash:    2000.00, TotalVolume:    0, Price:   163.95
Day 38: TESTING Action: 0, Volume: 5, Cash:    1180.24, TotalVolume:    5, Price:   157.50
Day 39: TESTING Action: 0, Volume: 5, Cash:    1180.24, TotalVolume:    5, Price:   156.70
Day 40: TESTING Action: 0, Volume: 5, Cash:    1180.24, TotalVolume:    5, Price:   157.49
Day 41: TESTING Action: 0, Volume: 5, Cash:    1180.24, TotalVolume:    5, Price:   151.06
Day 42: TESTING Action: 0, Volume: 5, Cash:    1180.24, TotalVolume:    5, Price:   148.69
Day 43: TESTING Action: 0, Volume: 5, Cash:    1180.24, TotalVolume:    5, Price:   149.15
Day 44: TESTING Action: 0, Volume: 5, Cash:    1180.24, TotalVolume:    5, Price:   151.28
Day 45: TESTING Action: 0, Volume: 5, Cash:    1180.24, TotalVolume:    5, Price:   154.65
Day 46: TESTING Action: 0, Volume: 5, Cash:    1180.24, TotalVolume:    5, Price:   157.47
Day 47: TESTING Action: 0, Volume: 5, Cash:    1180.24, TotalVolume:    5, Price:   158.08
Day 48: TESTING Action: 0, Volume: 5, Cash:    1180.24, TotalVolume:    5, Price:   159.37
Day 49: TESTING Action: 0, Volume: 5, Cash:    1180.24, TotalVolume:    5, Price:   159.89
Day 50: TESTING Action: 0, Volume: 5, Cash:    1180.24, TotalVolume:    5, Price:   162.31
Day 51: TESTING Action: 0, Volume: 5, Cash:    1180.24, TotalVolume:    5, Price:   163.70
Day 52: TESTING Action: 0, Volume: 5, Cash:    1180.24, TotalVolume:    5, Price:   162.14
Day 53: TESTING Action: 0, Volume: 5, Cash:    1180.24, TotalVolume:    5, Price:   162.71
Day 54: TESTING Action: 0, Volume: 5, Cash:    1180.24, TotalVolume:    5, Price:   162.06
Day 55: TESTING Action: 0, Volume: 5, Cash:    1180.24, TotalVolume:    5, Price:   162.89
Day 56: TESTING Action: 0, Volume: 5, Cash:    1180.24, TotalVolume:    5, Price:   164.35
Day 57: TESTING Action: 0, Volume: 5, Cash:    1180.24, TotalVolume:    5, Price:   166.24
Day 58: TESTING Action: 0, Volume: 5, Cash:    1180.24, TotalVolume:    5, Price:   167.46
Day 59: TESTING Action: 0, Volume: 5, Cash:    1180.24, TotalVolume:    5, Price:   166.36
Day 60: TESTING Action: 0, Volume: 5, Cash:    1180.24, TotalVolume:    5, Price:   166.26
Day 61: TESTING Action: 0, Volume: 5, Cash:    1180.24, TotalVolume:    5, Price:   167.60
Day 62: TESTING Action: 0, Volume: 5, Cash:    1180.24, TotalVolume:    5, Price:   163.45
Day 63: TESTING Action: 0, Volume: 5, Cash:    1180.24, TotalVolume:    5, Price:   164.75
Day 64: TESTING Action: 1, Volume: 5, Cash:    1180.24, TotalVolume:    5, Price:   162.13
Day 65: TESTING Action: 0, Volume: 5, Cash:     369.59, TotalVolume:   10, Price:   162.25
Day 66: TESTING Action: 1, Volume: 5, Cash:     369.59, TotalVolume:   10, Price:   163.58
Day 67: TESTING Action: 0, Volume: 5, Cash:      42.43, TotalVolume:   12, Price:   165.40
Day 68: TESTING Action: 0, Volume: 5, Cash:      42.43, TotalVolume:   12, Price:   165.95
Day 69: TESTING Action: 0, Volume: 5, Cash:      42.43, TotalVolume:   12, Price:   165.79
Day 70: TESTING Action: 0, Volume: 5, Cash:      42.43, TotalVolume:   12, Price:   163.57
Day 71: TESTING Action: 0, Volume: 5, Cash:      42.43, TotalVolume:   12, Price:   164.11
Day 72: TESTING Action: 0, Volume: 5, Cash:      42.43, TotalVolume:   12, Price:   164.85
Day 73: TESTING Action: 0, Volume: 5, Cash:      42.43, TotalVolume:   12, Price:   165.87
Day 74: TESTING Action: 0, Volume: 5, Cash:      42.43, TotalVolume:   12, Price:   163.54
Day 75: TESTING Action: 0, Volume: 5, Cash:      42.43, TotalVolume:   12, Price:   163.59
Day 76: TESTING Action: 0, Volume: 5, Cash:      42.43, TotalVolume:   12, Price:   166.04
Day 77: TESTING Action: 0, Volume: 5, Cash:      42.43, TotalVolume:   12, Price:   167.38
Day 78: TESTING Action: 0, Volume: 5, Cash:      42.43, TotalVolume:   12, Price:   170.16
Day 79: TESTING Action: 0, Volume: 5, Cash:      42.43, TotalVolume:   12, Price:   175.13
Day 80: TESTING Action: 0, Volume: 5, Cash:      42.43, TotalVolume:   12, Price:   171.70
Day 81: TESTING Action: 0, Volume: 5, Cash:      42.43, TotalVolume:   12, Price:   171.66
Day 82: TESTING Action: 0, Volume: 5, Cash:      42.43, TotalVolume:   12, Price:   169.71
Day 83: TESTING Action: 0, Volume: 5, Cash:      42.43, TotalVolume:   12, Price:   170.43
Day 84: TESTING Action: 0, Volume: 5, Cash:      42.43, TotalVolume:   12, Price:   177.31
Day 85: TESTING Action: 0, Volume: 5, Cash:      42.43, TotalVolume:   12, Price:   181.24
Day 86: TESTING Action: 0, Volume: 5, Cash:      42.43, TotalVolume:   12, Price:   178.83
Day 87: TESTING Action: 0, Volume: 5, Cash:      42.43, TotalVolume:   12, Price:   180.93
Day 88: TESTING Action: 0, Volume: 5, Cash:      42.43, TotalVolume:   12, Price:   182.27
Day 89: TESTING Action: 0, Volume: 5, Cash:      42.43, TotalVolume:   12, Price:   179.46
Day 90: TESTING Action: 0, Volume: 5, Cash:      42.43, TotalVolume:   12, Price:   176.34
Day 91: TESTING Action: 0, Volume: 5, Cash:      42.43, TotalVolume:   12, Price:   172.90
Day 92: TESTING Action: 0, Volume: 5, Cash:      42.43, TotalVolume:   12, Price:   175.79
Day 93: TESTING Action: 0, Volume: 5, Cash:      42.43, TotalVolume:   12, Price:   178.56
Day 94: TESTING Action: 0, Volume: 5, Cash:      42.43, TotalVolume:   12, Price:   176.32
Day 95: TESTING Action: 0, Volume: 5, Cash:      42.43, TotalVolume:   12, Price:   168.27
Day 96: TESTING Action: 0, Volume: 5, Cash:      42.43, TotalVolume:   12, Price:   165.62
Day 97: TESTING Action: 0, Volume: 5, Cash:      42.43, TotalVolume:   12, Price:   168.46
Day 98: TESTING Action: 0, Volume: 5, Cash:      42.43, TotalVolume:   12, Price:   169.65
Day 99: TESTING Action: 0, Volume: 5, Cash:      42.43, TotalVolume:   12, Price:   169.85
Day 100: TESTING Action: 0, Volume: 5, Cash:      42.43, TotalVolume:   12, Price:   169.52
Day 101: TESTING Action: 0, Volume: 5, Cash:      42.43, TotalVolume:   12, Price:   171.99
Day 102: TESTING Action: 0, Volume: 5, Cash:      42.43, TotalVolume:   12, Price:   172.03
Day 103: TESTING Action: 0, Volume: 5, Cash:      42.43, TotalVolume:   12, Price:   175.09
Day 104: TESTING Action: 0, Volume: 5, Cash:      42.43, TotalVolume:   12, Price:   173.32
Day 105: TESTING Action: 0, Volume: 5, Cash:      42.43, TotalVolume:   12, Price:   175.48
Day 106: TESTING Action: 0, Volume: 5, Cash:      42.43, TotalVolume:   12, Price:   176.29
Day 107: TESTING Action: 0, Volume: 5, Cash:      42.43, TotalVolume:   12, Price:   185.68
Day 108: TESTING Action: 0, Volume: 5, Cash:      42.43, TotalVolume:   12, Price:   195.81
Day 109: TESTING Action: 0, Volume: 5, Cash:      42.43, TotalVolume:   12, Price:   192.74
Day 110: TESTING Action: 0, Volume: 5, Cash:      42.43, TotalVolume:   12, Price:   190.50
Day 111: TESTING Action: 0, Volume: 5, Cash:      42.43, TotalVolume:   12, Price:   197.25
Day 112: TESTING Action: 0, Volume: 5, Cash:      42.43, TotalVolume:   12, Price:   196.22
Day 113: TESTING Action: 0, Volume: 5, Cash:      42.43, TotalVolume:   12, Price:   189.28
Day 114: TESTING Action: 0, Volume: 5, Cash:      42.43, TotalVolume:   12, Price:   188.83
Day 115: TESTING Action: 0, Volume: 5, Cash:      42.43, TotalVolume:   12, Price:   192.08
Day 116: TESTING Action: 0, Volume: 5, Cash:      42.43, TotalVolume:   12, Price:   195.09
Day 117: TESTING Action: 0, Volume: 5, Cash:      42.43, TotalVolume:   12, Price:   196.67
Day 118: TESTING Action: 0, Volume: 5, Cash:      42.43, TotalVolume:   12, Price:   196.20
Day 119: TESTING Action: 0, Volume: 5, Cash:      42.43, TotalVolume:   12, Price:   193.15
Day 120: TESTING Action: 0, Volume: 5, Cash:      42.43, TotalVolume:   12, Price:   191.81
Day 121: TESTING Action: 0, Volume: 5, Cash:      42.43, TotalVolume:   12, Price:   189.57
Day 122: TESTING Action: 0, Volume: 5, Cash:      42.43, TotalVolume:   12, Price:   189.76
Day 123: TESTING Action: 0, Volume: 5, Cash:      42.43, TotalVolume:   12, Price:   192.25
Day 124: TESTING Action: 0, Volume: 5, Cash:      42.43, TotalVolume:   12, Price:   197.05
Day 125: TESTING Action: 0, Volume: 5, Cash:      42.43, TotalVolume:   12, Price:   195.81
Day 126: TESTING Action: 0, Volume: 5, Cash:      42.43, TotalVolume:   12, Price:   194.50
Day 127: TESTING Action: 0, Volume: 5, Cash:      42.43, TotalVolume:   12, Price:   192.29
Day 128: TESTING Action: 0, Volume: 5, Cash:      42.43, TotalVolume:   12, Price:   191.41
Day 129: TESTING Action: 0, Volume: 5, Cash:      42.43, TotalVolume:   12, Price:   190.18
Day 130: TESTING Action: 0, Volume: 5, Cash:      42.43, TotalVolume:   12, Price:   196.08
Day 131: TESTING Action: 0, Volume: 5, Cash:      42.43, TotalVolume:   12, Price:   193.52
Day 132: TESTING Action: 0, Volume: 5, Cash:      42.43, TotalVolume:   12, Price:   196.65
Day 133: TESTING Action: 0, Volume: 5, Cash:      42.43, TotalVolume:   12, Price:   198.72
Day 134: TESTING Action: 0, Volume: 5, Cash:      42.43, TotalVolume:   12, Price:   199.11
Day 135: TESTING Action: 0, Volume: 5, Cash:      42.43, TotalVolume:   12, Price:   198.67
Day 136: TESTING Action: 0, Volume: 5, Cash:      42.43, TotalVolume:   12, Price:   200.98
Day 137: TESTING Action: 0, Volume: 5, Cash:      42.43, TotalVolume:   12, Price:   192.88
Day 138: TESTING Action: 0, Volume: 5, Cash:      42.43, TotalVolume:   12, Price:   196.17
Day 139: TESTING Action: 0, Volume: 5, Cash:      42.43, TotalVolume:   12, Price:   196.28
Day 140: TESTING Action: 0, Volume: 5, Cash:      42.43, TotalVolume:   12, Price:   201.70
Day 141: TESTING Action: 0, Volume: 5, Cash:      42.43, TotalVolume:   12, Price:   204.66
Day 142: TESTING Action: 0, Volume: 5, Cash:      42.43, TotalVolume:   12, Price:   201.71
Day 143: TESTING Action: 0, Volume: 5, Cash:      42.43, TotalVolume:   12, Price:   206.76
Day 144: TESTING Action: 0, Volume: 5, Cash:      42.43, TotalVolume:   12, Price:   192.41
Day 145: TESTING Action: 0, Volume: 5, Cash:      42.43, TotalVolume:   12, Price:   192.42
Day 146: TESTING Action: 0, Volume: 5, Cash:      42.43, TotalVolume:   12, Price:   186.28
Day 147: TESTING Action: 0, Volume: 5, Cash:      42.43, TotalVolume:   12, Price:   187.34
Day 148: TESTING Action: 0, Volume: 5, Cash:      42.43, TotalVolume:   12, Price:   186.21
Day 149: TESTING Action: 0, Volume: 5, Cash:      42.43, TotalVolume:   12, Price:   184.58
Day 150: TESTING Action: 0, Volume: 5, Cash:      42.43, TotalVolume:   12, Price:   187.02
Day 151: TESTING Action: 0, Volume: 5, Cash:      42.43, TotalVolume:   12, Price:   186.01
Day 152: TESTING Action: 0, Volume: 5, Cash:      42.43, TotalVolume:   12, Price:   184.95
Day 153: TESTING Action: 0, Volume: 5, Cash:      42.43, TotalVolume:   12, Price:   186.27
Day 154: TESTING Action: 0, Volume: 5, Cash:      42.43, TotalVolume:   12, Price:   185.79
Day 155: TESTING Action: 0, Volume: 5, Cash:      42.43, TotalVolume:   12, Price:   180.75
Day 156: TESTING Action: 0, Volume: 5, Cash:      42.43, TotalVolume:   12, Price:   180.36
Day 157: TESTING Action: 0, Volume: 5, Cash:      42.43, TotalVolume:   12, Price:   176.56
Day 158: TESTING Action: 0, Volume: 5, Cash:      42.43, TotalVolume:   12, Price:   173.90
Day 159: TESTING Action: 0, Volume: 5, Cash:      42.43, TotalVolume:   12, Price:   169.43
Day 160: TESTING Action: 0, Volume: 5, Cash:      42.43, TotalVolume:   12, Price:   171.43
Day 161: TESTING Action: 0, Volume: 5, Cash:      42.43, TotalVolume:   12, Price:   167.89
Day 162: TESTING Action: 0, Volume: 5, Cash:      42.43, TotalVolume:   12, Price:   171.82
Day 163: TESTING Action: 0, Volume: 5, Cash:      42.43, TotalVolume:   12, Price:   174.19
Day 164: TESTING Action: 0, Volume: 5, Cash:      42.43, TotalVolume:   12, Price:   173.41
Day 165: TESTING Action: 0, Volume: 5, Cash:      42.43, TotalVolume:   12, Price:   174.95
Day 166: TESTING Action: 0, Volume: 5, Cash:      42.43, TotalVolume:   12, Price:   167.23
Day 167: TESTING Action: 0, Volume: 5, Cash:      42.43, TotalVolume:   12, Price:   165.41
Day 168: TESTING Action: 0, Volume: 5, Cash:      42.43, TotalVolume:   12, Price:   168.42
Day 169: TESTING Action: 0, Volume: 5, Cash:      42.43, TotalVolume:   12, Price:   164.16
Day 170: TESTING Action: 0, Volume: 5, Cash:      42.43, TotalVolume:   12, Price:   167.04
Day 171: TESTING Action: 0, Volume: 5, Cash:      42.43, TotalVolume:   12, Price:   166.00
Day 172: TESTING Action: 0, Volume: 5, Cash:      42.43, TotalVolume:   12, Price:   162.11
Day 173: TESTING Action: 0, Volume: 5, Cash:      42.43, TotalVolume:   12, Price:   165.71
Day 174: TESTING Action: 0, Volume: 5, Cash:      42.43, TotalVolume:   12, Price:   164.48
Day 175: TESTING Action: 0, Volume: 5, Cash:      42.43, TotalVolume:   12, Price:   165.68
Day 176: TESTING Action: 0, Volume: 5, Cash:      42.43, TotalVolume:   12, Price:   169.34
Day 177: TESTING Action: 0, Volume: 5, Cash:      42.43, TotalVolume:   12, Price:   172.19
Day 178: TESTING Action: 0, Volume: 5, Cash:      42.43, TotalVolume:   12, Price:   166.56
Day 179: TESTING Action: 0, Volume: 5, Cash:      42.43, TotalVolume:   12, Price:   163.51
Day 180: TESTING Action: 0, Volume: 5, Cash:      42.43, TotalVolume:   12, Price:   155.52
Day 181: TESTING Action: 0, Volume: 5, Cash:      42.43, TotalVolume:   12, Price:   155.69
Day 182: TESTING Action: 0, Volume: 5, Cash:      42.43, TotalVolume:   12, Price:   158.33
Day 183: TESTING Action: 0, Volume: 5, Cash:      42.43, TotalVolume:   12, Price:   158.31
Day 184: TESTING Action: 0, Volume: 5, Cash:      42.43, TotalVolume:   12, Price:   152.10
Day 185: TESTING Action: 0, Volume: 5, Cash:      42.43, TotalVolume:   12, Price:   147.23
Day 186: TESTING Action: 0, Volume: 5, Cash:      42.43, TotalVolume:   12, Price:   148.73
Day 187: TESTING Action: 0, Volume: 5, Cash:      42.43, TotalVolume:   12, Price:   146.08
Day 188: TESTING Action: 0, Volume: 5, Cash:      42.43, TotalVolume:   12, Price:   160.51
Day 189: TESTING Action: 0, Volume: 5, Cash:      42.43, TotalVolume:   12, Price:   154.83
Day 190: TESTING Action: 0, Volume: 5, Cash:      42.43, TotalVolume:   12, Price:   158.85
Day 191: TESTING Action: 0, Volume: 5, Cash:      42.43, TotalVolume:   12, Price:   160.91
Day 192: TESTING Action: 0, Volume: 5, Cash:      42.43, TotalVolume:   12, Price:   158.13
Day 193: TESTING Action: 0, Volume: 5, Cash:      42.43, TotalVolume:   12, Price:   154.96
Day 194: TESTING Action: 0, Volume: 5, Cash:      42.43, TotalVolume:   12, Price:   152.83
Day 195: TESTING Action: 0, Volume: 5, Cash:      42.43, TotalVolume:   12, Price:   149.34
Day 196: TESTING Action: 0, Volume: 5, Cash:      42.43, TotalVolume:   12, Price:   153.37
Day 197: TESTING Action: 0, Volume: 5, Cash:      42.43, TotalVolume:   12, Price:   157.18
Day 198: TESTING Action: 0, Volume: 5, Cash:      42.43, TotalVolume:   12, Price:   160.91
Day 199: TESTING Action: 0, Volume: 5, Cash:      42.43, TotalVolume:   12, Price:   163.29
Day 200: TESTING Action: 0, Volume: 5, Cash:      42.43, TotalVolume:   12, Price:   161.86
Day 201: TESTING Action: 0, Volume: 5, Cash:      42.43, TotalVolume:   12, Price:   161.50
Day 202: TESTING Action: 0, Volume: 5, Cash:      42.43, TotalVolume:   12, Price:   160.34
Day 203: TESTING Action: 0, Volume: 5, Cash:      42.43, TotalVolume:   12, Price:   162.23
Day 204: TESTING Action: 0, Volume: 5, Cash:      42.43, TotalVolume:   12, Price:   165.24
Day 205: TESTING Action: 0, Volume: 5, Cash:      42.43, TotalVolume:   12, Price:   165.48
Day 206: TESTING Action: 0, Volume: 5, Cash:      42.43, TotalVolume:   12, Price:   164.63
Day 207: TESTING Action: 0, Volume: 5, Cash:      42.43, TotalVolume:   12, Price:   152.27
Day 208: TESTING Action: 0, Volume: 5, Cash:      42.43, TotalVolume:   12, Price:   155.21
Day 209: TESTING Action: 0, Volume: 5, Cash:      42.43, TotalVolume:   12, Price:   153.85
Day 210: TESTING Action: 0, Volume: 5, Cash:      42.43, TotalVolume:   12, Price:   159.03
Day 211: TESTING Action: 0, Volume: 5, Cash:      42.43, TotalVolume:   12, Price:   160.34
Day 212: TESTING Action: 0, Volume: 5, Cash:      42.43, TotalVolume:   12, Price:   166.24
Day 213: TESTING Action: 0, Volume: 5, Cash:      42.43, TotalVolume:   12, Price:   164.83
Day 214: TESTING Action: 0, Volume: 5, Cash:      42.43, TotalVolume:   12, Price:   166.85
Day 215: TESTING Action: 0, Volume: 5, Cash:      42.43, TotalVolume:   12, Price:   167.29
Day 216: TESTING Action: 0, Volume: 5, Cash:      42.43, TotalVolume:   12, Price:   164.75
Day 217: TESTING Action: 0, Volume: 5, Cash:      42.43, TotalVolume:   12, Price:   169.47
Day 218: TESTING Action: 0, Volume: 5, Cash:      42.43, TotalVolume:   12, Price:   171.39
Day 219: TESTING Action: 0, Volume: 5, Cash:      42.43, TotalVolume:   12, Price:   169.01
Day 220: TESTING Action: 0, Volume: 5, Cash:      42.43, TotalVolume:   12, Price:   173.38
Day 221: TESTING Action: 0, Volume: 5, Cash:      42.43, TotalVolume:   12, Price:   172.78
Day 222: TESTING Action: 0, Volume: 5, Cash:      42.43, TotalVolume:   12, Price:   172.36
Day 223: TESTING Action: 0, Volume: 5, Cash:      42.43, TotalVolume:   12, Price:   172.25
Day 224: TESTING Action: 0, Volume: 5, Cash:      42.43, TotalVolume:   12, Price:   169.78
Day 225: TESTING Action: 0, Volume: 5, Cash:      42.43, TotalVolume:   12, Price:   167.13
Day 226: TESTING Action: 0, Volume: 5, Cash:      42.43, TotalVolume:   12, Price:   168.81
Day 227: TESTING Action: 0, Volume: 5, Cash:      42.43, TotalVolume:   12, Price:   169.22
Day 228: TESTING Action: 0, Volume: 5, Cash:      42.43, TotalVolume:   12, Price:   174.32
Day 229: TESTING Action: 0, Volume: 5, Cash:      42.43, TotalVolume:   12, Price:   177.23
Day 230: TESTING Action: 0, Volume: 5, Cash:      42.43, TotalVolume:   12, Price:   179.61
Day 231: TESTING Action: 0, Volume: 5, Cash:      42.43, TotalVolume:   12, Price:   178.39
Day 232: TESTING Action: 0, Volume: 5, Cash:      42.43, TotalVolume:   12, Price:   176.57
Day 233: TESTING Action: 0, Volume: 5, Cash:      42.43, TotalVolume:   12, Price:   175.48
Day 234: TESTING Action: 0, Volume: 5, Cash:      42.43, TotalVolume:   12, Price:   177.54
Day 235: TESTING Action: 0, Volume: 5, Cash:      42.43, TotalVolume:   12, Price:   176.83
Day 236: TESTING Action: 0, Volume: 5, Cash:      42.43, TotalVolume:   12, Price:   173.59
Day 237: TESTING Action: 0, Volume: 5, Cash:      42.43, TotalVolume:   12, Price:   167.35
Day 238: TESTING Action: 0, Volume: 5, Cash:      42.43, TotalVolume:   12, Price:   165.64
Day 239: TESTING Action: 0, Volume: 5, Cash:      42.43, TotalVolume:   12, Price:   167.36
Day 240: TESTING Action: 0, Volume: 5, Cash:      42.43, TotalVolume:   12, Price:   171.10
Day 241: TESTING Action: 0, Volume: 5, Cash:      42.43, TotalVolume:   12, Price:   174.04
Day 242: TESTING Action: 0, Volume: 5, Cash:      42.43, TotalVolume:   12, Price:   177.87
Day 243: TESTING Action: 0, Volume: 5, Cash:      42.43, TotalVolume:   12, Price:   176.99
Day 244: TESTING Action: 0, Volume: 5, Cash:      42.43, TotalVolume:   12, Price:   176.51
Day 245: TESTING Action: 0, Volume: 5, Cash:      42.43, TotalVolume:   12, Price:   179.36
Day 246: TESTING Action: 0, Volume: 5, Cash:      42.43, TotalVolume:   12, Price:   180.14
Day 247: TESTING Action: 0, Volume: 5, Cash:      42.43, TotalVolume:   12, Price:   177.16
Day 248: TESTING Action: 0, Volume: 5, Cash:      42.43, TotalVolume:   12, Price:   174.77
Day 249: TESTING Action: 0, Volume: 5, Cash:      42.43, TotalVolume:   12, Price:   177.26
Day 250: TESTING Action: 0, Volume: 5, Cash:      42.43, TotalVolume:   12, Price:   178.30
Day 251: TESTING Action: 0, Volume: 5, Cash:      42.43, TotalVolume:   12, Price:   180.90
Day 252: TESTING Action: 0, Volume: 5, Cash:      42.43, TotalVolume:   12, Price:   182.40
Day 253: TESTING Action: 0, Volume: 5, Cash:      42.43, TotalVolume:   12, Price:   182.69
Day 254: TESTING Action: 0, Volume: 5, Cash:      42.43, TotalVolume:   12, Price:   183.36
Day 255: TESTING Action: 0, Volume: 5, Cash:      42.43, TotalVolume:   12, Price:   184.28
Day 256: TESTING Action: 0, Volume: 5, Cash:      42.43, TotalVolume:   12, Price:   185.52
Day 257: TESTING Action: 0, Volume: 5, Cash:      42.43, TotalVolume:   12, Price:   190.72
Day 258: TESTING Action: 0, Volume: 5, Cash:      42.43, TotalVolume:   12, Price:   191.68
Day 259: TESTING Action: 0, Volume: 5, Cash:      42.43, TotalVolume:   12, Price:   191.08
Day 260: TESTING Action: 0, Volume: 5, Cash:      42.43, TotalVolume:   12, Price:   192.77
Day 261: TESTING Action: 0, Volume: 5, Cash:      42.43, TotalVolume:   12, Price:   193.64
Day 262: TESTING Action: 0, Volume: 5, Cash:      42.43, TotalVolume:   12, Price:   192.99
Day 263: TESTING Action: 0, Volume: 5, Cash:      42.43, TotalVolume:   12, Price:   195.99
Day 264: TESTING Action: 0, Volume: 5, Cash:      42.43, TotalVolume:   12, Price:   197.00
Day 265: TESTING Action: 0, Volume: 5, Cash:      42.43, TotalVolume:   12, Price:   192.43
Day 266: TESTING Action: 0, Volume: 5, Cash:      42.43, TotalVolume:   12, Price:   189.52
Day 267: TESTING Action: 0, Volume: 5, Cash:      42.43, TotalVolume:   12, Price:   195.31
Day 268: TESTING Action: 0, Volume: 5, Cash:      42.43, TotalVolume:   12, Price:   194.88
Day 269: TESTING Action: 0, Volume: 5, Cash:      42.43, TotalVolume:   12, Price:   196.48
Day 270: TESTING Action: 0, Volume: 5, Cash:      42.43, TotalVolume:   12, Price:   196.84
Day 271: TESTING Action: 0, Volume: 5, Cash:      42.43, TotalVolume:   12, Price:   201.64
Day 272: TESTING Action: 0, Volume: 5, Cash:      42.43, TotalVolume:   12, Price:   201.18
Day 273: TESTING Action: 0, Volume: 5, Cash:      42.43, TotalVolume:   12, Price:   203.70
Day 274: TESTING Action: 0, Volume: 5, Cash:      42.43, TotalVolume:   12, Price:   202.57
Day 275: TESTING Action: 0, Volume: 5, Cash:      42.43, TotalVolume:   12, Price:   203.36
Day 276: TESTING Action: 0, Volume: 5, Cash:      42.43, TotalVolume:   12, Price:   204.45
Day 277: TESTING Action: 0, Volume: 5, Cash:      42.43, TotalVolume:   12, Price:   203.83
Day 278: TESTING Action: 0, Volume: 5, Cash:      42.43, TotalVolume:   12, Price:   202.03
Day 279: TESTING Action: 0, Volume: 5, Cash:      42.43, TotalVolume:   12, Price:   199.74
Day 280: TESTING Action: 0, Volume: 5, Cash:      42.43, TotalVolume:   12, Price:   200.17
Day 281: TESTING Action: 0, Volume: 5, Cash:      42.43, TotalVolume:   12, Price:   206.26
Day 282: TESTING Action: 0, Volume: 5, Cash:      42.43, TotalVolume:   12, Price:   208.69
Day 283: TESTING Action: 0, Volume: 5, Cash:      42.43, TotalVolume:   12, Price:   207.48
Day 284: TESTING Action: 0, Volume: 5, Cash:      42.43, TotalVolume:   12, Price:   207.74
Day 285: TESTING Action: 0, Volume: 5, Cash:      42.43, TotalVolume:   12, Price:   211.89
Day 286: TESTING Action: 0, Volume: 5, Cash:      42.43, TotalVolume:   12, Price:   213.05
Day 287: TESTING Action: 0, Volume: 5, Cash:      42.43, TotalVolume:   12, Price:   211.51
Day 288: TESTING Action: 0, Volume: 5, Cash:      42.43, TotalVolume:   12, Price:   230.58
Day 289: TESTING Action: 0, Volume: 5, Cash:      42.43, TotalVolume:   12, Price:   232.14
Day 290: TESTING Action: 0, Volume: 5, Cash:      42.43, TotalVolume:   12, Price:   234.64
Day 291: TESTING Action: 0, Volume: 5, Cash:      42.43, TotalVolume:   12, Price:   233.84
Day 292: TESTING Action: 0, Volume: 5, Cash:      42.43, TotalVolume:   12, Price:   239.61
Day 293: TESTING Action: 0, Volume: 5, Cash:      42.43, TotalVolume:   12, Price:   239.24
Day 294: TESTING Action: 0, Volume: 5, Cash:      42.43, TotalVolume:   12, Price:   240.45
Day 295: TESTING Action: 0, Volume: 5, Cash:      42.43, TotalVolume:   12, Price:   241.05
Day 296: TESTING Action: 0, Volume: 5, Cash:      42.43, TotalVolume:   12, Price:   251.42
Day 297: TESTING Action: 0, Volume: 5, Cash:      42.43, TotalVolume:   12, Price:   251.08
Day 298: TESTING Action: 0, Volume: 5, Cash:      42.43, TotalVolume:   12, Price:   249.51
Day 299: TESTING Action: 0, Volume: 5, Cash:      42.43, TotalVolume:   12, Price:   251.99
Day 300: TESTING Action: 0, Volume: 5, Cash:      42.43, TotalVolume:   12, Price:   254.89
Day 301: TESTING Action: 0, Volume: 5, Cash:      42.43, TotalVolume:   12, Price:   252.54
Day 302: TESTING Action: 0, Volume: 5, Cash:      42.43, TotalVolume:   12, Price:   252.00
Day 303: TESTING Action: 0, Volume: 5, Cash:      42.43, TotalVolume:   12, Price:   247.49
Day 304: TESTING Action: 0, Volume: 5, Cash:      42.43, TotalVolume:   12, Price:   246.24
Day 305: TESTING Action: 0, Volume: 5, Cash:      42.43, TotalVolume:   12, Price:   246.84
Day 306: TESTING Action: 0, Volume: 5, Cash:      42.43, TotalVolume:   12, Price:   244.03
Day 307: TESTING Action: 0, Volume: 5, Cash:      42.43, TotalVolume:   12, Price:   243.22
Day 308: TESTING Action: 0, Volume: 5, Cash:      42.43, TotalVolume:   12, Price:   245.21
Day 309: TESTING Action: 0, Volume: 5, Cash:      42.43, TotalVolume:   12, Price:   246.10
Day 310: TESTING Action: 0, Volume: 5, Cash:      42.43, TotalVolume:   12, Price:   246.12
Day 311: TESTING Action: 0, Volume: 5, Cash:      42.43, TotalVolume:   12, Price:   251.17
Day 312: TESTING Action: 0, Volume: 5, Cash:      42.43, TotalVolume:   12, Price:   246.79
Day 313: TESTING Action: 0, Volume: 5, Cash:      42.43, TotalVolume:   12, Price:   245.13
Day 314: TESTING Action: 0, Volume: 5, Cash:      42.43, TotalVolume:   12, Price:   241.88
Day 315: TESTING Action: 0, Volume: 5, Cash:      42.43, TotalVolume:   12, Price:   237.17
Day 316: TESTING Action: 0, Volume: 5, Cash:      42.43, TotalVolume:   12, Price:   244.31
Day 317: TESTING Action: 0, Volume: 5, Cash:      42.43, TotalVolume:   12, Price:   245.86
Day 318: TESTING Action: 0, Volume: 5, Cash:      42.43, TotalVolume:   12, Price:   251.37
Day 319: TESTING Action: 0, Volume: 5, Cash:      42.43, TotalVolume:   12, Price:   251.54
Day 320: TESTING Action: 0, Volume: 5, Cash:      42.43, TotalVolume:   12, Price:   253.45
Day 321: TESTING Action: 0, Volume: 5, Cash:      42.43, TotalVolume:   12, Price:   256.67
Day 322: TESTING Action: 0, Volume: 5, Cash:      42.43, TotalVolume:   12, Price:   251.00
Day 323: TESTING Action: 0, Volume: 5, Cash:      42.43, TotalVolume:   12, Price:   252.19
Day 324: TESTING Action: 0, Volume: 5, Cash:      42.43, TotalVolume:   12, Price:   253.39
Day 325: TESTING Action: 0, Volume: 5, Cash:      42.43, TotalVolume:   12, Price:   260.16
Day 326: TESTING Action: 0, Volume: 5, Cash:      42.43, TotalVolume:   12, Price:   269.56
Day 327: TESTING Action: 0, Volume: 5, Cash:      42.43, TotalVolume:   12, Price:   268.07
Day 328: TESTING Action: 0, Volume: 5, Cash:      42.43, TotalVolume:   12, Price:   274.80
Day 329: TESTING Action: 0, Volume: 5, Cash:      42.43, TotalVolume:   12, Price:   281.52
Day 330: TESTING Action: 0, Volume: 5, Cash:      42.43, TotalVolume:   12, Price:   281.44
Day 331: TESTING Action: 0, Volume: 5, Cash:      42.43, TotalVolume:   12, Price:   283.73
Day 332: TESTING Action: 0, Volume: 5, Cash:      42.43, TotalVolume:   12, Price:   277.68
Day 333: TESTING Action: 0, Volume: 5, Cash:      42.43, TotalVolume:   12, Price:   284.36
Day 334: TESTING Action: 0, Volume: 5, Cash:      42.43, TotalVolume:   12, Price:   284.95
Day 335: TESTING Action: 0, Volume: 5, Cash:      42.43, TotalVolume:   12, Price:   279.32
Day 336: TESTING Action: 0, Volume: 5, Cash:      42.43, TotalVolume:   12, Price:   290.20
Day 337: TESTING Action: 0, Volume: 5, Cash:      42.43, TotalVolume:   12, Price:   291.34
Day 338: TESTING Action: 0, Volume: 5, Cash:      42.43, TotalVolume:   12, Price:   287.04
Day 339: TESTING Action: 0, Volume: 5, Cash:      42.43, TotalVolume:   12, Price:   278.74
Day 340: TESTING Action: 0, Volume: 5, Cash:      42.43, TotalVolume:   12, Price:   276.60
Day 341: TESTING Action: 0, Volume: 5, Cash:      42.43, TotalVolume:   12, Price:   285.21
Day 342: TESTING Action: 0, Volume: 5, Cash:      42.43, TotalVolume:   12, Price:   284.57
Day 343: TESTING Action: 0, Volume: 5, Cash:      42.43, TotalVolume:   12, Price:   292.59
Day 344: TESTING Action: 0, Volume: 5, Cash:      42.43, TotalVolume:   12, Price:   289.59
Day 345: TESTING Action: 0, Volume: 5, Cash:      42.43, TotalVolume:   12, Price:   299.24
Day 346: TESTING Action: 0, Volume: 5, Cash:      42.43, TotalVolume:   12, Price:   318.04
Day 347: TESTING Action: 0, Volume: 5, Cash:      42.43, TotalVolume:   12, Price:   323.20
Day 348: TESTING Action: 0, Volume: 5, Cash:      42.43, TotalVolume:   12, Price:   319.85
Day 349: TESTING Action: 0, Volume: 5, Cash:      42.43, TotalVolume:   12, Price:   319.69
Day 350: TESTING Action: 0, Volume: 5, Cash:      42.43, TotalVolume:   12, Price:   314.69
Day 351: TESTING Action: 0, Volume: 5, Cash:      42.43, TotalVolume:   12, Price:   315.59
Day 352: TESTING Action: 0, Volume: 5, Cash:      42.43, TotalVolume:   12, Price:   320.19
Day 353: TESTING Action: 0, Volume: 5, Cash:      42.43, TotalVolume:   12, Price:   317.96
Day 354: TESTING Action: 0, Volume: 5, Cash:      42.43, TotalVolume:   12, Price:   321.65
Day 355: TESTING Action: 0, Volume: 5, Cash:      42.43, TotalVolume:   12, Price:   314.23
Day 356: TESTING Action: 0, Volume: 5, Cash:      42.43, TotalVolume:   12, Price:   317.53
Day 357: TESTING Action: 0, Volume: 5, Cash:      42.43, TotalVolume:   12, Price:   320.77
Day 358: TESTING Action: 0, Volume: 5, Cash:      42.43, TotalVolume:   12, Price:   313.48
Day 359: TESTING Action: 0, Volume: 5, Cash:      42.43, TotalVolume:   12, Price:   310.30
Day 360: TESTING Action: 0, Volume: 5, Cash:      42.43, TotalVolume:   12, Price:   309.10
Day 361: TESTING Action: 0, Volume: 5, Cash:      42.43, TotalVolume:   12, Price:   307.51
Day 362: TESTING Action: 0, Volume: 5, Cash:      42.43, TotalVolume:   12, Price:   297.85
Day 363: TESTING Action: 0, Volume: 5, Cash:      42.43, TotalVolume:   12, Price:   303.54
Day 364: TESTING Action: 0, Volume: 5, Cash:      42.43, TotalVolume:   12, Price:   308.39
Day 365: TESTING Action: 0, Volume: 5, Cash:      42.43, TotalVolume:   12, Price:   311.11
Day 366: TESTING Action: 0, Volume: 5, Cash:      42.43, TotalVolume:   12, Price:   315.46
Day 367: TESTING Action: 0, Volume: 5, Cash:      42.43, TotalVolume:   12, Price:   315.45
Day 368: TESTING Action: 0, Volume: 5, Cash:      42.43, TotalVolume:   12, Price:   314.74
Day 369: TESTING Action: 0, Volume: 5, Cash:      42.43, TotalVolume:   12, Price:   314.17
Day 370: TESTING Action: 0, Volume: 5, Cash:      42.43, TotalVolume:   12, Price:   314.33
Day 371: TESTING Action: 0, Volume: 5, Cash:      42.43, TotalVolume:   12, Price:   313.58
Day 372: TESTING Action: 0, Volume: 5, Cash:      42.43, TotalVolume:   12, Price:   315.10
Day 373: TESTING Action: 0, Volume: 5, Cash:      42.43, TotalVolume:   12, Price:   317.10
Day 374: TESTING Action: 0, Volume: 5, Cash:      42.43, TotalVolume:   12, Price:   314.33
Day 375: TESTING Action: 0, Volume: 5, Cash:      42.43, TotalVolume:   12, Price:   322.20
Day 376: TESTING Action: 0, Volume: 5, Cash:      42.43, TotalVolume:   12, Price:   325.78
Day 377: TESTING Action: 0, Volume: 5, Cash:      42.43, TotalVolume:   12, Price:   328.91
Day 378: TESTING Action: 0, Volume: 5, Cash:      42.43, TotalVolume:   12, Price:   332.50
Day 379: TESTING Action: 0, Volume: 5, Cash:      42.43, TotalVolume:   12, Price:   336.19
Day 380: TESTING Action: 0, Volume: 5, Cash:      42.43, TotalVolume:   12, Price:   336.07
Day 381: TESTING Action: 0, Volume: 5, Cash:      42.43, TotalVolume:   12, Price:   332.93
Day 382: TESTING Action: 0, Volume: 5, Cash:      42.43, TotalVolume:   12, Price:   330.11
Day 383: TESTING Action: 0, Volume: 5, Cash:      42.43, TotalVolume:   12, Price:   321.93
Day 384: TESTING Action: 0, Volume: 5, Cash:      42.43, TotalVolume:   12, Price:   328.15
Day 385: TESTING Action: 0, Volume: 5, Cash:      42.43, TotalVolume:   12, Price:   330.61
Day 386: TESTING Action: 0, Volume: 5, Cash:      42.43, TotalVolume:   12, Price:   328.20
Day 387: TESTING Action: 0, Volume: 5, Cash:      42.43, TotalVolume:   12, Price:   333.36
Day 388: TESTING Action: 0, Volume: 5, Cash:      42.43, TotalVolume:   12, Price:   334.76
Day 389: TESTING Action: 0, Volume: 5, Cash:      42.43, TotalVolume:   12, Price:   336.04
Day 390: TESTING Action: 0, Volume: 5, Cash:      42.43, TotalVolume:   12, Price:   338.42
Day 391: TESTING Action: 0, Volume: 5, Cash:      42.43, TotalVolume:   12, Price:   338.29
Day 392: TESTING Action: 0, Volume: 5, Cash:      42.43, TotalVolume:   12, Price:   344.66
Day 393: TESTING Action: 0, Volume: 5, Cash:      42.43, TotalVolume:   12, Price:   340.46
Day 394: TESTING Action: 0, Volume: 5, Cash:      42.43, TotalVolume:   12, Price:   333.11
Day 395: TESTING Action: 0, Volume: 5, Cash:      42.43, TotalVolume:   12, Price:   331.10
Day 396: TESTING Action: 0, Volume: 5, Cash:      42.43, TotalVolume:   12, Price:   322.87
Day 397: TESTING Action: 0, Volume: 5, Cash:      42.43, TotalVolume:   12, Price:   324.17
Day 398: TESTING Action: 0, Volume: 5, Cash:      42.43, TotalVolume:   12, Price:   318.41
Day 399: TESTING Action: 0, Volume: 5, Cash:      42.43, TotalVolume:   12, Price:   311.11
Day 400: TESTING Action: 0, Volume: 5, Cash:      42.43, TotalVolume:   12, Price:   309.15
Day 401: TESTING Action: 0, Volume: 5, Cash:      42.43, TotalVolume:   12, Price:   305.80
Day 402: TESTING Action: 0, Volume: 5, Cash:      42.43, TotalVolume:   12, Price:   302.61
Day 403: TESTING Action: 0, Volume: 5, Cash:      42.43, TotalVolume:   12, Price:   303.73
Day 404: TESTING Action: 0, Volume: 5, Cash:      42.43, TotalVolume:   12, Price:   303.35
Day 405: TESTING Action: 0, Volume: 5, Cash:      42.43, TotalVolume:   12, Price:   314.68
Day 406: TESTING Action: 0, Volume: 5, Cash:      42.43, TotalVolume:   12, Price:   311.47
Day 407: TESTING Action: 0, Volume: 5, Cash:      42.43, TotalVolume:   12, Price:   310.70
Day 408: TESTING Action: 0, Volume: 5, Cash:      42.43, TotalVolume:   12, Price:   312.81
Day 409: TESTING Action: 0, Volume: 5, Cash:      42.43, TotalVolume:   12, Price:   306.93
Day 410: TESTING Action: 0, Volume: 5, Cash:      42.43, TotalVolume:   12, Price:   311.21
Day 411: TESTING Action: 0, Volume: 5, Cash:      42.43, TotalVolume:   12, Price:   306.14
Day 412: TESTING Action: 0, Volume: 5, Cash:      42.43, TotalVolume:   12, Price:   303.35
Day 413: TESTING Action: 0, Volume: 5, Cash:      42.43, TotalVolume:   12, Price:   303.24
Day 414: TESTING Action: 0, Volume: 5, Cash:      42.43, TotalVolume:   12, Price:   300.70
Day 415: TESTING Action: 0, Volume: 5, Cash:      42.43, TotalVolume:   12, Price:   298.09
Day 416: TESTING Action: 0, Volume: 5, Cash:      42.43, TotalVolume:   12, Price:   306.01
Day 417: TESTING Action: 0, Volume: 5, Cash:      42.43, TotalVolume:   12, Price:   306.93
Day 418: TESTING Action: 0, Volume: 5, Cash:      42.43, TotalVolume:   12, Price:   308.42
Day 419: TESTING Action: 0, Volume: 5, Cash:      42.43, TotalVolume:   12, Price:   303.21
Day 420: TESTING Action: 0, Volume: 5, Cash:      42.43, TotalVolume:   12, Price:   301.46
Day 421: TESTING Action: 0, Volume: 5, Cash:      42.43, TotalVolume:   12, Price:   304.42
Day 422: TESTING Action: 0, Volume: 5, Cash:      42.43, TotalVolume:   12, Price:   309.41
Day 423: TESTING Action: 0, Volume: 5, Cash:      42.43, TotalVolume:   12, Price:   306.30
Day 424: TESTING Action: 0, Volume: 5, Cash:      42.43, TotalVolume:   12, Price:   305.73
Day 425: TESTING Action: 0, Volume: 5, Cash:      42.43, TotalVolume:   12, Price:   298.79
Day 426: TESTING Action: 0, Volume: 5, Cash:      42.43, TotalVolume:   12, Price:   299.02
Day 427: TESTING Action: 0, Volume: 5, Cash:      42.43, TotalVolume:   12, Price:   289.20
Day 428: TESTING Action: 0, Volume: 5, Cash:      42.43, TotalVolume:   12, Price:   289.59
Day 429: TESTING Action: 0, Volume: 5, Cash:      42.43, TotalVolume:   12, Price:   280.74
Day 430: TESTING Action: 0, Volume: 5, Cash:      42.43, TotalVolume:   12, Price:   273.76
Day 431: TESTING Action: 0, Volume: 5, Cash:      42.43, TotalVolume:   12, Price:   273.14
Day 432: TESTING Action: 0, Volume: 5, Cash:      42.43, TotalVolume:   12, Price:   286.86
Day 433: TESTING Action: 0, Volume: 5, Cash:      42.43, TotalVolume:   12, Price:   294.90
3581.231658935547 3089.1378784179688
Day 1: TESTING Action: 0, Volume: 5, Cash:    2000.00, TotalVolume:    0, Price:   225.82
Day 2: TESTING Action: 0, Volume: 5, Cash:    2000.00, TotalVolume:    0, Price:   228.77
Day 3: TESTING Action: 0, Volume: 5, Cash:    2000.00, TotalVolume:    0, Price:   232.60
Day 4: TESTING Action: 0, Volume: 5, Cash:    2000.00, TotalVolume:    0, Price:   233.02
Day 5: TESTING Action: 0, Volume: 5, Cash:    2000.00, TotalVolume:    0, Price:   227.12
Day 6: TESTING Action: 0, Volume: 5, Cash:    2000.00, TotalVolume:    0, Price:   222.46
Day 7: TESTING Action: 0, Volume: 5, Cash:    2000.00, TotalVolume:    0, Price:   222.59
Day 8: TESTING Action: 0, Volume: 5, Cash:    2000.00, TotalVolume:    0, Price:   222.24
Day 9: TESTING Action: 0, Volume: 5, Cash:    2000.00, TotalVolume:    0, Price:   223.28
Day 10: TESTING Action: 0, Volume: 5, Cash:    2000.00, TotalVolume:    0, Price:   216.86
Day 11: TESTING Action: 0, Volume: 5, Cash:    2000.00, TotalVolume:    0, Price:   215.82
Day 12: TESTING Action: 0, Volume: 5, Cash:    2000.00, TotalVolume:    0, Price:   216.29
Day 13: TESTING Action: 0, Volume: 5, Cash:    2000.00, TotalVolume:    0, Price:   216.57
Day 14: TESTING Action: 0, Volume: 5, Cash:    2000.00, TotalVolume:    0, Price:   217.12
Day 15: TESTING Action: 0, Volume: 5, Cash:    2000.00, TotalVolume:    0, Price:   220.38
Day 16: TESTING Action: 0, Volume: 5, Cash:    2000.00, TotalVolume:    0, Price:   216.68
Day 17: TESTING Action: 0, Volume: 5, Cash:    2000.00, TotalVolume:    0, Price:   218.17
Day 18: TESTING Action: 0, Volume: 5, Cash:    2000.00, TotalVolume:    0, Price:   207.66
Day 19: TESTING Action: 0, Volume: 5, Cash:    2000.00, TotalVolume:    0, Price:   205.64
Day 20: TESTING Action: 0, Volume: 5, Cash:    2000.00, TotalVolume:    0, Price:   208.21
Day 21: TESTING Action: 0, Volume: 5, Cash:    2000.00, TotalVolume:    0, Price:   211.67
Day 22: TESTING Action: 0, Volume: 5, Cash:    2000.00, TotalVolume:    0, Price:   214.58
Day 23: TESTING Action: 0, Volume: 5, Cash:    2000.00, TotalVolume:    0, Price:   216.11
Day 24: TESTING Action: 0, Volume: 5, Cash:    2000.00, TotalVolume:    0, Price:   219.83
Day 25: TESTING Action: 0, Volume: 5, Cash:    2000.00, TotalVolume:    0, Price:   220.27
Day 26: TESTING Action: 0, Volume: 5, Cash:    2000.00, TotalVolume:    0, Price:   223.25
Day 27: TESTING Action: 0, Volume: 5, Cash:    2000.00, TotalVolume:    0, Price:   224.57
Day 28: TESTING Action: 0, Volume: 5, Cash:    2000.00, TotalVolume:    0, Price:   224.42
Day 29: TESTING Action: 0, Volume: 5, Cash:    2000.00, TotalVolume:    0, Price:   225.03
Day 30: TESTING Action: 0, Volume: 5, Cash:    2000.00, TotalVolume:    0, Price:   224.92
Day 31: TESTING Action: 0, Volume: 5, Cash:    2000.00, TotalVolume:    0, Price:   223.06
Day 32: TESTING Action: 0, Volume: 5, Cash:    2000.00, TotalVolume:    0, Price:   225.36
Day 33: TESTING Action: 0, Volume: 5, Cash:    2000.00, TotalVolume:    0, Price:   225.70
Day 34: TESTING Action: 1, Volume: 5, Cash:    2000.00, TotalVolume:    0, Price:   226.54
Day 35: TESTING Action: 0, Volume: 5, Cash:     867.29, TotalVolume:    5, Price:   225.01
Day 36: TESTING Action: 0, Volume: 5, Cash:     867.29, TotalVolume:    5, Price:   228.29
Day 37: TESTING Action: 0, Volume: 5, Cash:     867.29, TotalVolume:    5, Price:   227.51
Day 38: TESTING Action: 0, Volume: 5, Cash:     867.29, TotalVolume:    5, Price:   221.32
Day 39: TESTING Action: 0, Volume: 5, Cash:     867.29, TotalVolume:    5, Price:   219.41
Day 40: TESTING Action: 0, Volume: 5, Cash:     867.29, TotalVolume:    5, Price:   220.93
Day 41: TESTING Action: 0, Volume: 5, Cash:     867.29, TotalVolume:    5, Price:   219.38
Day 42: TESTING Action: 0, Volume: 5, Cash:     867.29, TotalVolume:    5, Price:   219.47
Day 43: TESTING Action: 0, Volume: 5, Cash:     867.29, TotalVolume:    5, Price:   218.67
Day 44: TESTING Action: 0, Volume: 5, Cash:     867.29, TotalVolume:    5, Price:   221.21
Day 45: TESTING Action: 0, Volume: 5, Cash:     867.29, TotalVolume:    5, Price:   221.32
Day 46: TESTING Action: 0, Volume: 5, Cash:     867.29, TotalVolume:    5, Price:   221.05
Day 47: TESTING Action: 0, Volume: 5, Cash:     867.29, TotalVolume:    5, Price:   214.91
Day 48: TESTING Action: 0, Volume: 5, Cash:     867.29, TotalVolume:    5, Price:   215.38
Day 49: TESTING Action: 0, Volume: 5, Cash:     867.29, TotalVolume:    5, Price:   219.25
Day 50: TESTING Action: 0, Volume: 5, Cash:     867.29, TotalVolume:    5, Price:   227.38
Day 51: TESTING Action: 0, Volume: 5, Cash:     867.29, TotalVolume:    5, Price:   226.71
Day 52: TESTING Action: 0, Volume: 5, Cash:     867.29, TotalVolume:    5, Price:   224.99
Day 53: TESTING Action: 0, Volume: 5, Cash:     867.29, TotalVolume:    5, Price:   225.89
Day 54: TESTING Action: 0, Volume: 5, Cash:     867.29, TotalVolume:    5, Price:   224.89
Day 55: TESTING Action: 0, Volume: 5, Cash:     867.29, TotalVolume:    5, Price:   226.04
Day 56: TESTING Action: 0, Volume: 5, Cash:     867.29, TotalVolume:    5, Price:   226.30
Day 57: TESTING Action: 0, Volume: 5, Cash:     867.29, TotalVolume:    5, Price:   231.48
Day 58: TESTING Action: 0, Volume: 5, Cash:     867.29, TotalVolume:    5, Price:   224.73
Day 59: TESTING Action: 0, Volume: 5, Cash:     867.29, TotalVolume:    5, Price:   225.30
Day 60: TESTING Action: 0, Volume: 5, Cash:     867.29, TotalVolume:    5, Price:   224.20
Day 61: TESTING Action: 0, Volume: 5, Cash:     867.29, TotalVolume:    5, Price:   225.32
Day 62: TESTING Action: 0, Volume: 5, Cash:     867.29, TotalVolume:    5, Price:   220.24
Day 63: TESTING Action: 0, Volume: 5, Cash:     867.29, TotalVolume:    5, Price:   224.30
Day 64: TESTING Action: 0, Volume: 5, Cash:     867.29, TotalVolume:    5, Price:   228.04
Day 65: TESTING Action: 0, Volume: 5, Cash:     867.29, TotalVolume:    5, Price:   227.55
Day 66: TESTING Action: 0, Volume: 5, Cash:     867.29, TotalVolume:    5, Price:   226.07
Day 67: TESTING Action: 0, Volume: 5, Cash:     867.29, TotalVolume:    5, Price:   229.79
Day 68: TESTING Action: 0, Volume: 5, Cash:     867.29, TotalVolume:    5, Price:   232.32
Day 69: TESTING Action: 0, Volume: 5, Cash:     867.29, TotalVolume:    5, Price:   230.27
Day 70: TESTING Action: 0, Volume: 5, Cash:     867.29, TotalVolume:    5, Price:   230.63
Day 71: TESTING Action: 0, Volume: 5, Cash:     867.29, TotalVolume:    5, Price:   233.47
Day 72: TESTING Action: 0, Volume: 5, Cash:     867.29, TotalVolume:    5, Price:   234.94
Day 73: TESTING Action: 0, Volume: 5, Cash:     867.29, TotalVolume:    5, Price:   234.32
Day 74: TESTING Action: 0, Volume: 5, Cash:     867.29, TotalVolume:    5, Price:   229.25
Day 75: TESTING Action: 0, Volume: 5, Cash:     867.29, TotalVolume:    5, Price:   229.07
Day 76: TESTING Action: 0, Volume: 5, Cash:     867.29, TotalVolume:    5, Price:   229.90
Day 77: TESTING Action: 0, Volume: 5, Cash:     867.29, TotalVolume:    5, Price:   231.88
Day 78: TESTING Action: 0, Volume: 5, Cash:     867.29, TotalVolume:    5, Price:   232.15
Day 79: TESTING Action: 0, Volume: 5, Cash:     867.29, TotalVolume:    5, Price:   228.60
Day 80: TESTING Action: 0, Volume: 5, Cash:     867.29, TotalVolume:    5, Price:   224.44
Day 81: TESTING Action: 0, Volume: 5, Cash:     867.29, TotalVolume:    5, Price:   221.46
Day 82: TESTING Action: 0, Volume: 5, Cash:     867.29, TotalVolume:    5, Price:   220.56
Day 83: TESTING Action: 0, Volume: 5, Cash:     867.29, TotalVolume:    5, Price:   221.99
Day 84: TESTING Action: 0, Volume: 5, Cash:     867.29, TotalVolume:    5, Price:   221.27
Day 85: TESTING Action: 0, Volume: 5, Cash:     867.29, TotalVolume:    5, Price:   226.00
Day 86: TESTING Action: 0, Volume: 5, Cash:     867.29, TotalVolume:    5, Price:   225.73
Day 87: TESTING Action: 0, Volume: 5, Cash:     867.29, TotalVolume:    5, Price:   223.01
Day 88: TESTING Action: 0, Volume: 5, Cash:     867.29, TotalVolume:    5, Price:   223.01
Day 89: TESTING Action: 0, Volume: 5, Cash:     867.29, TotalVolume:    5, Price:   223.90
Day 90: TESTING Action: 0, Volume: 5, Cash:     867.29, TotalVolume:    5, Price:   226.98
Day 91: TESTING Action: 0, Volume: 5, Cash:     867.29, TotalVolume:    5, Price:   223.78
Day 92: TESTING Action: 0, Volume: 5, Cash:     867.29, TotalVolume:    5, Price:   226.78
Day 93: TESTING Action: 0, Volume: 5, Cash:     867.29, TotalVolume:    5, Price:   227.04
Day 94: TESTING Action: 0, Volume: 5, Cash:     867.29, TotalVolume:    5, Price:   227.76
Day 95: TESTING Action: 0, Volume: 5, Cash:     867.29, TotalVolume:    5, Price:   227.28
Day 96: TESTING Action: 0, Volume: 5, Cash:     867.29, TotalVolume:    5, Price:   228.62
Day 97: TESTING Action: 0, Volume: 5, Cash:     867.29, TotalVolume:    5, Price:   231.60
Day 98: TESTING Action: 0, Volume: 5, Cash:     867.29, TotalVolume:    5, Price:   233.78
Day 99: TESTING Action: 0, Volume: 5, Cash:     867.29, TotalVolume:    5, Price:   233.65
Day 100: TESTING Action: 0, Volume: 5, Cash:     867.29, TotalVolume:    5, Price:   236.04
Day 101: TESTING Action: 1, Volume: 5, Cash:     867.29, TotalVolume:    5, Price:   238.29
Day 102: TESTING Action: 0, Volume: 5, Cash:     152.43, TotalVolume:    8, Price:   241.33
Day 103: TESTING Action: 1, Volume: 5, Cash:     152.43, TotalVolume:    8, Price:   241.69
Day 104: TESTING Action: 0, Volume: 5, Cash:     152.43, TotalVolume:    8, Price:   241.72
Day 105: TESTING Action: 0, Volume: 5, Cash:     152.43, TotalVolume:    8, Price:   241.52
Day 106: TESTING Action: 0, Volume: 5, Cash:     152.43, TotalVolume:    8, Price:   245.41
Day 107: TESTING Action: 0, Volume: 5, Cash:     152.43, TotalVolume:    8, Price:   246.42
Day 108: TESTING Action: 0, Volume: 5, Cash:     152.43, TotalVolume:    8, Price:   245.15
Day 109: TESTING Action: 0, Volume: 5, Cash:     152.43, TotalVolume:    8, Price:   246.61
Day 110: TESTING Action: 0, Volume: 5, Cash:     152.43, TotalVolume:    8, Price:   246.78
Day 111: TESTING Action: 0, Volume: 5, Cash:     152.43, TotalVolume:    8, Price:   249.68
Day 112: TESTING Action: 0, Volume: 5, Cash:     152.43, TotalVolume:    8, Price:   252.10
Day 113: TESTING Action: 0, Volume: 5, Cash:     152.43, TotalVolume:    8, Price:   246.70
Day 114: TESTING Action: 0, Volume: 5, Cash:     152.43, TotalVolume:    8, Price:   248.43
Day 115: TESTING Action: 0, Volume: 5, Cash:     152.43, TotalVolume:    8, Price:   253.11
Day 116: TESTING Action: 0, Volume: 5, Cash:     152.43, TotalVolume:    8, Price:   253.88
Day 117: TESTING Action: 0, Volume: 5, Cash:     152.43, TotalVolume:    8, Price:   256.80
Day 118: TESTING Action: 0, Volume: 5, Cash:     152.43, TotalVolume:    8, Price:   257.61
Day 119: TESTING Action: 0, Volume: 5, Cash:     152.43, TotalVolume:    8, Price:   254.20
Day 120: TESTING Action: 0, Volume: 5, Cash:     152.43, TotalVolume:    8, Price:   250.83
Day 121: TESTING Action: 0, Volume: 5, Cash:     152.43, TotalVolume:    8, Price:   249.06
Day 122: TESTING Action: 0, Volume: 5, Cash:     152.43, TotalVolume:    8, Price:   242.53
Day 123: TESTING Action: 0, Volume: 5, Cash:     152.43, TotalVolume:    8, Price:   242.04
Day 124: TESTING Action: 0, Volume: 5, Cash:     152.43, TotalVolume:    8, Price:   243.67
Day 125: TESTING Action: 0, Volume: 5, Cash:     152.43, TotalVolume:    8, Price:   240.89
Day 126: TESTING Action: 0, Volume: 5, Cash:     152.43, TotalVolume:    8, Price:   241.38
Day 127: TESTING Action: 0, Volume: 5, Cash:     152.43, TotalVolume:    8, Price:   235.56
Day 128: TESTING Action: 0, Volume: 5, Cash:     152.43, TotalVolume:    8, Price:   233.13
Day 129: TESTING Action: 0, Volume: 5, Cash:     152.43, TotalVolume:    8, Price:   232.01
Day 130: TESTING Action: 0, Volume: 5, Cash:     152.43, TotalVolume:    8, Price:   236.58
Day 131: TESTING Action: 0, Volume: 5, Cash:     152.43, TotalVolume:    8, Price:   227.02
Day 132: TESTING Action: 0, Volume: 5, Cash:     152.43, TotalVolume:    8, Price:   228.73
Day 133: TESTING Action: 0, Volume: 5, Cash:     152.43, TotalVolume:    8, Price:   221.43
Day 134: TESTING Action: 0, Volume: 5, Cash:     152.43, TotalVolume:    8, Price:   222.61
Day 135: TESTING Action: 0, Volume: 5, Cash:     152.43, TotalVolume:    8, Price:   222.44
Day 136: TESTING Action: 0, Volume: 5, Cash:     152.43, TotalVolume:    8, Price:   221.57
Day 137: TESTING Action: 0, Volume: 5, Cash:     152.43, TotalVolume:    8, Price:   228.61
Day 138: TESTING Action: 0, Volume: 5, Cash:     152.43, TotalVolume:    8, Price:   236.97
Day 139: TESTING Action: 0, Volume: 5, Cash:     152.43, TotalVolume:    8, Price:   238.06
Day 140: TESTING Action: 0, Volume: 5, Cash:     152.43, TotalVolume:    8, Price:   236.30
Day 141: TESTING Action: 0, Volume: 5, Cash:     152.43, TotalVolume:    8, Price:   234.72
Day 142: TESTING Action: 0, Volume: 5, Cash:     152.43, TotalVolume:    8, Price:   226.77
Day 143: TESTING Action: 0, Volume: 5, Cash:     152.43, TotalVolume:    8, Price:   231.54
Day 144: TESTING Action: 0, Volume: 5, Cash:     152.43, TotalVolume:    8, Price:   231.21
Day 145: TESTING Action: 0, Volume: 5, Cash:     152.43, TotalVolume:    8, Price:   231.95
Day 146: TESTING Action: 0, Volume: 5, Cash:     152.43, TotalVolume:    8, Price:   226.39
Day 147: TESTING Action: 0, Volume: 5, Cash:     152.43, TotalVolume:    8, Price:   226.66
Day 148: TESTING Action: 0, Volume: 5, Cash:     152.43, TotalVolume:    8, Price:   231.61
Day 149: TESTING Action: 0, Volume: 5, Cash:     152.43, TotalVolume:    8, Price:   235.84
Day 150: TESTING Action: 0, Volume: 5, Cash:     152.43, TotalVolume:    8, Price:   240.48
Day 151: TESTING Action: 0, Volume: 5, Cash:     152.43, TotalVolume:    8, Price:   243.54
Day 152: TESTING Action: 1, Volume: 5, Cash:     152.43, TotalVolume:    8, Price:   243.41
Day 153: TESTING Action: 1, Volume: 5, Cash:     152.43, TotalVolume:    8, Price:   243.81
Day 154: TESTING Action: 1, Volume: 5, Cash:     152.43, TotalVolume:    8, Price:   244.76
Day 155: TESTING Action: 0, Volume: 5, Cash:     152.43, TotalVolume:    8, Price:   244.48
Day 156: TESTING Action: 1, Volume: 5, Cash:     152.43, TotalVolume:    8, Price:   246.03
Day 157: TESTING Action: 1, Volume: 5, Cash:     152.43, TotalVolume:    8, Price:   245.97
Day 158: TESTING Action: 0, Volume: 5, Cash:     152.43, TotalVolume:    8, Price:   239.32
Day 159: TESTING Action: 1, Volume: 5, Cash:     152.43, TotalVolume:    8, Price:   236.27
Day 160: TESTING Action: 0, Volume: 5, Cash:     152.43, TotalVolume:    8, Price:   240.79
Day 161: TESTING Action: 0, Volume: 5, Cash:     152.43, TotalVolume:    8, Price:   237.00
Day 162: TESTING Action: 0, Volume: 5, Cash:     152.43, TotalVolume:    8, Price:   234.91
Day 163: TESTING Action: 0, Volume: 5, Cash:     152.43, TotalVolume:    8, Price:   234.72
Day 164: TESTING Action: 0, Volume: 5, Cash:     152.43, TotalVolume:    8, Price:   234.31
Day 165: TESTING Action: 0, Volume: 5, Cash:     152.43, TotalVolume:    8, Price:   238.03
Day 166: TESTING Action: 0, Volume: 5, Cash:     152.43, TotalVolume:    8, Price:   226.49
Day 167: TESTING Action: 0, Volume: 5, Cash:     152.43, TotalVolume:    8, Price:   219.88
Day 168: TESTING Action: 0, Volume: 5, Cash:     152.43, TotalVolume:    8, Price:   216.04
Day 169: TESTING Action: 0, Volume: 5, Cash:     152.43, TotalVolume:    8, Price:   208.77
Day 170: TESTING Action: 0, Volume: 5, Cash:     152.43, TotalVolume:    8, Price:   212.56
Day 171: TESTING Action: 0, Volume: 5, Cash:     152.43, TotalVolume:    8, Price:   213.07
Day 172: TESTING Action: 0, Volume: 5, Cash:     152.43, TotalVolume:    8, Price:   211.77
Day 173: TESTING Action: 0, Volume: 5, Cash:     152.43, TotalVolume:    8, Price:   214.31
Day 174: TESTING Action: 0, Volume: 5, Cash:     152.43, TotalVolume:    8, Price:   213.17
Day 175: TESTING Action: 0, Volume: 5, Cash:     152.43, TotalVolume:    8, Price:   217.32
Day 176: TESTING Action: 0, Volume: 5, Cash:     152.43, TotalVolume:    8, Price:   219.77
Day 177: TESTING Action: 0, Volume: 5, Cash:     152.43, TotalVolume:    8, Price:   222.78
Day 178: TESTING Action: 0, Volume: 5, Cash:     152.43, TotalVolume:    8, Price:   220.57
Day 179: TESTING Action: 0, Volume: 5, Cash:     152.43, TotalVolume:    8, Price:   222.88
Day 180: TESTING Action: 0, Volume: 5, Cash:     152.43, TotalVolume:    8, Price:   216.95
Day 181: TESTING Action: 0, Volume: 5, Cash:     152.43, TotalVolume:    8, Price:   221.17
Day 182: TESTING Action: 0, Volume: 5, Cash:     152.43, TotalVolume:    8, Price:   222.22
Day 183: TESTING Action: 0, Volume: 5, Cash:     152.43, TotalVolume:    8, Price:   222.92
Day 184: TESTING Action: 0, Volume: 5, Cash:     152.43, TotalVolume:    8, Price:   202.31
Day 185: TESTING Action: 0, Volume: 5, Cash:     152.43, TotalVolume:    8, Price:   187.56
Day 186: TESTING Action: 0, Volume: 5, Cash:     152.43, TotalVolume:    8, Price:   180.67
Day 187: TESTING Action: 0, Volume: 5, Cash:     152.43, TotalVolume:    8, Price:   171.67
Day 188: TESTING Action: 0, Volume: 5, Cash:     152.43, TotalVolume:    8, Price:   197.99
Day 189: TESTING Action: 0, Volume: 5, Cash:     152.43, TotalVolume:    8, Price:   189.59
Day 190: TESTING Action: 0, Volume: 5, Cash:     152.43, TotalVolume:    8, Price:   197.29
Day 191: TESTING Action: 0, Volume: 5, Cash:     152.43, TotalVolume:    8, Price:   201.64
Day 192: TESTING Action: 0, Volume: 5, Cash:     152.43, TotalVolume:    8, Price:   201.26
Day 193: TESTING Action: 0, Volume: 5, Cash:     152.43, TotalVolume:    8, Price:   193.43
Day 194: TESTING Action: 0, Volume: 5, Cash:     152.43, TotalVolume:    8, Price:   196.13
Day 195: TESTING Action: 0, Volume: 5, Cash:     152.43, TotalVolume:    8, Price:   192.32
Day 196: TESTING Action: 0, Volume: 5, Cash:     152.43, TotalVolume:    8, Price:   198.87
Day 197: TESTING Action: 0, Volume: 5, Cash:     152.43, TotalVolume:    8, Price:   203.71
Day 198: TESTING Action: 0, Volume: 5, Cash:     152.43, TotalVolume:    8, Price:   207.47
Day 199: TESTING Action: 0, Volume: 5, Cash:     152.43, TotalVolume:    8, Price:   208.37
Day 200: TESTING Action: 0, Volume: 5, Cash:     152.43, TotalVolume:    8, Price:   209.23
Day 201: TESTING Action: 0, Volume: 5, Cash:     152.43, TotalVolume:    8, Price:   210.29
Day 202: TESTING Action: 0, Volume: 5, Cash:     152.43, TotalVolume:    8, Price:   211.58
Day 203: TESTING Action: 0, Volume: 5, Cash:     152.43, TotalVolume:    8, Price:   212.39
Day 204: TESTING Action: 2, Volume: 5, Cash:     152.43, TotalVolume:    8, Price:   204.46
Day 205: TESTING Action: 0, Volume: 5, Cash:    1174.72, TotalVolume:    3, Price:   198.03
Day 206: TESTING Action: 0, Volume: 5, Cash:    1174.72, TotalVolume:    3, Price:   197.65
Day 207: TESTING Action: 0, Volume: 5, Cash:    1174.72, TotalVolume:    3, Price:   195.40
Day 208: TESTING Action: 0, Volume: 5, Cash:    1174.72, TotalVolume:    3, Price:   196.63
Day 209: TESTING Action: 0, Volume: 5, Cash:    1174.72, TotalVolume:    3, Price:   197.67
Day 210: TESTING Action: 0, Volume: 5, Cash:    1174.72, TotalVolume:    3, Price:   210.15
Day 211: TESTING Action: 1, Volume: 5, Cash:    1174.72, TotalVolume:    3, Price:   212.28
Day 212: TESTING Action: 0, Volume: 5, Cash:     113.30, TotalVolume:    8, Price:   211.69
Day 213: TESTING Action: 0, Volume: 5, Cash:     113.30, TotalVolume:    8, Price:   210.81
Day 214: TESTING Action: 0, Volume: 5, Cash:     113.30, TotalVolume:    8, Price:   210.62
Day 215: TESTING Action: 0, Volume: 5, Cash:     113.30, TotalVolume:    8, Price:   208.15
Day 216: TESTING Action: 0, Volume: 5, Cash:     113.30, TotalVolume:    8, Price:   206.23
Day 217: TESTING Action: 0, Volume: 5, Cash:     113.30, TotalVolume:    8, Price:   201.48
Day 218: TESTING Action: 0, Volume: 5, Cash:     113.30, TotalVolume:    8, Price:   200.75
Day 219: TESTING Action: 0, Volume: 5, Cash:     113.30, TotalVolume:    8, Price:   194.68
Day 220: TESTING Action: 0, Volume: 5, Cash:     113.30, TotalVolume:    8, Price:   199.60
Day 221: TESTING Action: 0, Volume: 5, Cash:     113.30, TotalVolume:    8, Price:   199.81
Day 222: TESTING Action: 0, Volume: 5, Cash:     113.30, TotalVolume:    8, Price:   199.34
Day 223: TESTING Action: 0, Volume: 5, Cash:     113.30, TotalVolume:    8, Price:   200.24
Day 224: TESTING Action: 0, Volume: 5, Cash:     113.30, TotalVolume:    8, Price:   201.09
Day 225: TESTING Action: 0, Volume: 5, Cash:     113.30, TotalVolume:    8, Price:   202.65
Day 226: TESTING Action: 0, Volume: 5, Cash:     113.30, TotalVolume:    8, Price:   202.20
Day 227: TESTING Action: 0, Volume: 5, Cash:     113.30, TotalVolume:    8, Price:   200.02
Day 228: TESTING Action: 0, Volume: 5, Cash:     113.30, TotalVolume:    8, Price:   203.30
Day 229: TESTING Action: 0, Volume: 5, Cash:     113.30, TotalVolume:    8, Price:   200.84
Day 230: TESTING Action: 0, Volume: 5, Cash:     113.30, TotalVolume:    8, Price:   202.06
Day 231: TESTING Action: 0, Volume: 5, Cash:     113.30, TotalVolume:    8, Price:   198.18
Day 232: TESTING Action: 0, Volume: 5, Cash:     113.30, TotalVolume:    8, Price:   198.60
Day 233: TESTING Action: 0, Volume: 5, Cash:     113.30, TotalVolume:    8, Price:   195.85
Day 234: TESTING Action: 0, Volume: 5, Cash:     113.30, TotalVolume:    8, Price:   197.82
Day 235: TESTING Action: 0, Volume: 5, Cash:     113.30, TotalVolume:    8, Price:   195.05
Day 236: TESTING Action: 0, Volume: 5, Cash:     113.30, TotalVolume:    8, Price:   195.98
Day 237: TESTING Action: 0, Volume: 5, Cash:     113.30, TotalVolume:    8, Price:   200.39
Day 238: TESTING Action: 0, Volume: 5, Cash:     113.30, TotalVolume:    8, Price:   200.89
Day 239: TESTING Action: 0, Volume: 5, Cash:     113.30, TotalVolume:    8, Price:   199.69
Day 240: TESTING Action: 0, Volume: 5, Cash:     113.30, TotalVolume:    8, Price:   200.95
Day 241: TESTING Action: 0, Volume: 5, Cash:     113.30, TotalVolume:    8, Price:   200.39
Day 242: TESTING Action: 0, Volume: 5, Cash:     113.30, TotalVolume:    8, Price:   200.47
Day 243: TESTING Action: 0, Volume: 5, Cash:     113.30, TotalVolume:    8, Price:   204.55
Day 244: TESTING Action: 0, Volume: 5, Cash:     113.30, TotalVolume:    8, Price:   207.19
Day 245: TESTING Action: 0, Volume: 5, Cash:     113.30, TotalVolume:    8, Price:   211.80
Day 246: TESTING Action: 0, Volume: 5, Cash:     113.30, TotalVolume:    8, Price:   212.90
Day 247: TESTING Action: 0, Volume: 5, Cash:     113.30, TotalVolume:    8, Price:   209.31
Day 248: TESTING Action: 0, Volume: 5, Cash:     113.30, TotalVolume:    8, Price:   209.37
Day 249: TESTING Action: 0, Volume: 5, Cash:     113.30, TotalVolume:    8, Price:   210.50
Day 250: TESTING Action: 0, Volume: 5, Cash:     113.30, TotalVolume:    8, Price:   211.77
Day 251: TESTING Action: 0, Volume: 5, Cash:     113.30, TotalVolume:    8, Price:   210.52
Day 252: TESTING Action: 0, Volume: 5, Cash:     113.30, TotalVolume:    8, Price:   207.99
Day 253: TESTING Action: 0, Volume: 5, Cash:     113.30, TotalVolume:    8, Price:   208.48
Day 254: TESTING Action: 0, Volume: 5, Cash:     113.30, TotalVolume:    8, Price:   209.52
Day 255: TESTING Action: 0, Volume: 5, Cash:     113.30, TotalVolume:    8, Price:   209.38
Day 256: TESTING Action: 0, Volume: 5, Cash:     113.30, TotalVolume:    8, Price:   210.54
Day 257: TESTING Action: 0, Volume: 5, Cash:     113.30, TotalVolume:    8, Price:   211.84
Day 258: TESTING Action: 0, Volume: 5, Cash:     113.30, TotalVolume:    8, Price:   213.75
Day 259: TESTING Action: 0, Volume: 5, Cash:     113.30, TotalVolume:    8, Price:   213.50
Day 260: TESTING Action: 0, Volume: 5, Cash:     113.30, TotalVolume:    8, Price:   213.11
Day 261: TESTING Action: 0, Volume: 5, Cash:     113.30, TotalVolume:    8, Price:   213.23
Day 262: TESTING Action: 0, Volume: 5, Cash:     113.30, TotalVolume:    8, Price:   213.40
Day 263: TESTING Action: 0, Volume: 5, Cash:     113.30, TotalVolume:    8, Price:   210.63
Day 264: TESTING Action: 0, Volume: 5, Cash:     113.30, TotalVolume:    8, Price:   208.42
Day 265: TESTING Action: 0, Volume: 5, Cash:     113.30, TotalVolume:    8, Price:   206.94
Day 266: TESTING Action: 0, Volume: 5, Cash:     113.30, TotalVolume:    8, Price:   201.77
Day 267: TESTING Action: 0, Volume: 5, Cash:     113.30, TotalVolume:    8, Price:   202.73
Day 268: TESTING Action: 0, Volume: 5, Cash:     113.30, TotalVolume:    8, Price:   202.30
Day 269: TESTING Action: 0, Volume: 5, Cash:     113.30, TotalVolume:    8, Price:   212.60
Day 270: TESTING Action: 0, Volume: 5, Cash:     113.30, TotalVolume:    8, Price:   219.36
Day 271: TESTING Action: 1, Volume: 5, Cash:     113.30, TotalVolume:    8, Price:   228.65
Day 272: TESTING Action: 0, Volume: 5, Cash:     113.30, TotalVolume:    8, Price:   226.75
Day 273: TESTING Action: 0, Volume: 5, Cash:     113.30, TotalVolume:    8, Price:   229.21
Day 274: TESTING Action: 0, Volume: 5, Cash:     113.30, TotalVolume:    8, Price:   232.89
Day 275: TESTING Action: 0, Volume: 5, Cash:     113.30, TotalVolume:    8, Price:   232.34
Day 276: TESTING Action: 0, Volume: 5, Cash:     113.30, TotalVolume:    8, Price:   231.15
Day 277: TESTING Action: 0, Volume: 5, Cash:     113.30, TotalVolume:    8, Price:   230.45
Day 278: TESTING Action: 0, Volume: 5, Cash:     113.30, TotalVolume:    8, Price:   230.12
Day 279: TESTING Action: 0, Volume: 5, Cash:     113.30, TotalVolume:    8, Price:   225.58
Day 280: TESTING Action: 0, Volume: 5, Cash:     113.30, TotalVolume:    8, Price:   224.47
Day 281: TESTING Action: 0, Volume: 5, Cash:     113.30, TotalVolume:    8, Price:   227.33
Day 282: TESTING Action: 0, Volume: 5, Cash:     113.30, TotalVolume:    8, Price:   226.73
Day 283: TESTING Action: 0, Volume: 5, Cash:     113.30, TotalVolume:    8, Price:   228.87
Day 284: TESTING Action: 0, Volume: 5, Cash:     113.30, TotalVolume:    8, Price:   230.05
Day 285: TESTING Action: 0, Volume: 5, Cash:     113.30, TotalVolume:    8, Price:   232.12
Day 286: TESTING Action: 0, Volume: 5, Cash:     113.30, TotalVolume:    8, Price:   231.70
Day 287: TESTING Action: 0, Volume: 5, Cash:     113.30, TotalVolume:    8, Price:   229.28
Day 288: TESTING Action: 0, Volume: 5, Cash:     113.30, TotalVolume:    8, Price:   238.02
Day 289: TESTING Action: 0, Volume: 5, Cash:     113.30, TotalVolume:    8, Price:   239.32
Day 290: TESTING Action: 0, Volume: 5, Cash:     113.30, TotalVolume:    8, Price:   239.23
Day 291: TESTING Action: 0, Volume: 5, Cash:     113.30, TotalVolume:    8, Price:   237.43
Day 292: TESTING Action: 0, Volume: 5, Cash:     113.30, TotalVolume:    8, Price:   233.90
Day 293: TESTING Action: 0, Volume: 5, Cash:     113.30, TotalVolume:    8, Price:   226.36
Day 294: TESTING Action: 0, Volume: 5, Cash:     113.30, TotalVolume:    8, Price:   229.59
Day 295: TESTING Action: 0, Volume: 5, Cash:     113.30, TotalVolume:    8, Price:   233.62
Day 296: TESTING Action: 0, Volume: 5, Cash:     113.30, TotalVolume:    8, Price:   236.25
Day 297: TESTING Action: 0, Volume: 5, Cash:     113.30, TotalVolume:    8, Price:   237.70
Day 298: TESTING Action: 0, Volume: 5, Cash:     113.30, TotalVolume:    8, Price:   238.54
Day 299: TESTING Action: 0, Volume: 5, Cash:     113.30, TotalVolume:    8, Price:   237.43
Day 300: TESTING Action: 0, Volume: 5, Cash:     113.30, TotalVolume:    8, Price:   245.03
Day 301: TESTING Action: 0, Volume: 5, Cash:     113.30, TotalVolume:    8, Price:   255.59
Day 302: TESTING Action: 0, Volume: 5, Cash:     113.30, TotalVolume:    8, Price:   253.95
Day 303: TESTING Action: 0, Volume: 5, Cash:     113.30, TotalVolume:    8, Price:   251.83
Day 304: TESTING Action: 0, Volume: 5, Cash:     113.30, TotalVolume:    8, Price:   256.38
Day 305: TESTING Action: 0, Volume: 5, Cash:     113.30, TotalVolume:    8, Price:   254.97
Day 306: TESTING Action: 0, Volume: 5, Cash:     113.30, TotalVolume:    8, Price:   253.95
Day 307: TESTING Action: 0, Volume: 5, Cash:     113.30, TotalVolume:    8, Price:   254.15
Day 308: TESTING Action: 0, Volume: 5, Cash:     113.30, TotalVolume:    8, Price:   254.96
Day 309: TESTING Action: 0, Volume: 5, Cash:     113.30, TotalVolume:    8, Price:   256.64
Day 310: TESTING Action: 0, Volume: 5, Cash:     113.30, TotalVolume:    8, Price:   257.53
Day 311: TESTING Action: 0, Volume: 5, Cash:     113.30, TotalVolume:    8, Price:   256.20
Day 312: TESTING Action: 0, Volume: 5, Cash:     113.30, TotalVolume:    8, Price:   255.99
Day 313: TESTING Action: 0, Volume: 5, Cash:     113.30, TotalVolume:    8, Price:   257.57
Day 314: TESTING Action: 0, Volume: 5, Cash:     113.30, TotalVolume:    8, Price:   253.56
Day 315: TESTING Action: 0, Volume: 5, Cash:     113.30, TotalVolume:    8, Price:   244.80
Day 316: TESTING Action: 0, Volume: 5, Cash:     113.30, TotalVolume:    8, Price:   247.19
Day 317: TESTING Action: 0, Volume: 5, Cash:     113.30, TotalVolume:    8, Price:   247.30
Day 318: TESTING Action: 0, Volume: 5, Cash:     113.30, TotalVolume:    8, Price:   248.87
Day 319: TESTING Action: 0, Volume: 5, Cash:     113.30, TotalVolume:    8, Price:   246.98
Day 320: TESTING Action: 0, Volume: 5, Cash:     113.30, TotalVolume:    8, Price:   251.81
Day 321: TESTING Action: 0, Volume: 5, Cash:     113.30, TotalVolume:    8, Price:   261.74
Day 322: TESTING Action: 0, Volume: 5, Cash:     113.30, TotalVolume:    8, Price:   262.27
Day 323: TESTING Action: 0, Volume: 5, Cash:     113.30, TotalVolume:    8, Price:   257.96
Day 324: TESTING Action: 0, Volume: 5, Cash:     113.30, TotalVolume:    8, Price:   259.09
Day 325: TESTING Action: 0, Volume: 5, Cash:     113.30, TotalVolume:    8, Price:   262.32
Day 326: TESTING Action: 0, Volume: 5, Cash:     113.30, TotalVolume:    8, Price:   268.30
Day 327: TESTING Action: 0, Volume: 5, Cash:     113.30, TotalVolume:    8, Price:   268.49
Day 328: TESTING Action: 0, Volume: 5, Cash:     113.30, TotalVolume:    8, Price:   269.19
Day 329: TESTING Action: 0, Volume: 5, Cash:     113.30, TotalVolume:    8, Price:   270.88
Day 330: TESTING Action: 0, Volume: 5, Cash:     113.30, TotalVolume:    8, Price:   269.86
Day 331: TESTING Action: 0, Volume: 5, Cash:     113.30, TotalVolume:    8, Price:   268.54
Day 332: TESTING Action: 0, Volume: 5, Cash:     113.30, TotalVolume:    8, Price:   269.53
Day 333: TESTING Action: 0, Volume: 5, Cash:     113.30, TotalVolume:    8, Price:   269.63
Day 334: TESTING Action: 0, Volume: 5, Cash:     113.30, TotalVolume:    8, Price:   269.26
Day 335: TESTING Action: 0, Volume: 5, Cash:     113.30, TotalVolume:    8, Price:   267.96
Day 336: TESTING Action: 0, Volume: 5, Cash:     113.30, TotalVolume:    8, Price:   269.18
Day 337: TESTING Action: 0, Volume: 5, Cash:     113.30, TotalVolume:    8, Price:   274.99
Day 338: TESTING Action: 0, Volume: 5, Cash:     113.30, TotalVolume:    8, Price:   273.21
Day 339: TESTING Action: 0, Volume: 5, Cash:     113.30, TotalVolume:    8, Price:   272.69
Day 340: TESTING Action: 0, Volume: 5, Cash:     113.30, TotalVolume:    8, Price:   272.16
Day 341: TESTING Action: 0, Volume: 5, Cash:     113.30, TotalVolume:    8, Price:   267.21
Day 342: TESTING Action: 0, Volume: 5, Cash:     113.30, TotalVolume:    8, Price:   267.19
Day 343: TESTING Action: 0, Volume: 5, Cash:     113.30, TotalVolume:    8, Price:   268.31
Day 344: TESTING Action: 0, Volume: 5, Cash:     113.30, TotalVolume:    8, Price:   266.00
Day 345: TESTING Action: 0, Volume: 5, Cash:     113.30, TotalVolume:    8, Price:   271.24
Day 346: TESTING Action: 0, Volume: 5, Cash:     113.30, TotalVolume:    8, Price:   275.66
Day 347: TESTING Action: 0, Volume: 5, Cash:     113.30, TotalVolume:    8, Price:   276.71
Day 348: TESTING Action: 0, Volume: 5, Cash:     113.30, TotalVolume:    8, Price:   277.29
Day 349: TESTING Action: 0, Volume: 5, Cash:     113.30, TotalVolume:    8, Price:   278.59
Day 350: TESTING Action: 0, Volume: 5, Cash:     113.30, TotalVolume:    8, Price:   282.84
Day 351: TESTING Action: 0, Volume: 5, Cash:     113.30, TotalVolume:    8, Price:   285.92
Day 352: TESTING Action: 0, Volume: 5, Cash:     113.30, TotalVolume:    8, Price:   283.88
Day 353: TESTING Action: 0, Volume: 5, Cash:     113.30, TotalVolume:    8, Price:   280.44
Day 354: TESTING Action: 0, Volume: 5, Cash:     113.30, TotalVolume:    8, Price:   278.52
Day 355: TESTING Action: 0, Volume: 5, Cash:     113.30, TotalVolume:    8, Price:   277.63
Day 356: TESTING Action: 0, Volume: 5, Cash:     113.30, TotalVolume:    8, Price:   276.92
Day 357: TESTING Action: 0, Volume: 5, Cash:     113.30, TotalVolume:    8, Price:   278.52
Day 358: TESTING Action: 0, Volume: 5, Cash:     113.30, TotalVolume:    8, Price:   277.77
Day 359: TESTING Action: 0, Volume: 5, Cash:     113.30, TotalVolume:    8, Price:   278.02
Day 360: TESTING Action: 0, Volume: 5, Cash:     113.30, TotalVolume:    8, Price:   273.85
Day 361: TESTING Action: 0, Volume: 5, Cash:     113.30, TotalVolume:    8, Price:   274.35
Day 362: TESTING Action: 0, Volume: 5, Cash:     113.30, TotalVolume:    8, Price:   271.59
Day 363: TESTING Action: 0, Volume: 5, Cash:     113.30, TotalVolume:    8, Price:   271.94
Day 364: TESTING Action: 0, Volume: 5, Cash:     113.30, TotalVolume:    8, Price:   273.41
Day 365: TESTING Action: 0, Volume: 5, Cash:     113.30, TotalVolume:    8, Price:   270.72
Day 366: TESTING Action: 0, Volume: 5, Cash:     113.30, TotalVolume:    8, Price:   272.11
Day 367: TESTING Action: 0, Volume: 5, Cash:     113.30, TotalVolume:    8, Price:   273.55
Day 368: TESTING Action: 0, Volume: 5, Cash:     113.30, TotalVolume:    8, Price:   273.14
Day 369: TESTING Action: 0, Volume: 5, Cash:     113.30, TotalVolume:    8, Price:   273.50
Day 370: TESTING Action: 0, Volume: 5, Cash:     113.30, TotalVolume:    8, Price:   272.82
Day 371: TESTING Action: 0, Volume: 5, Cash:     113.30, TotalVolume:    8, Price:   271.61
Day 372: TESTING Action: 0, Volume: 5, Cash:     113.30, TotalVolume:    8, Price:   270.76
Day 373: TESTING Action: 0, Volume: 5, Cash:     113.30, TotalVolume:    8, Price:   267.01
Day 374: TESTING Action: 0, Volume: 5, Cash:     113.30, TotalVolume:    8, Price:   262.11
Day 375: TESTING Action: 0, Volume: 5, Cash:     113.30, TotalVolume:    8, Price:   260.09
Day 376: TESTING Action: 0, Volume: 5, Cash:     113.30, TotalVolume:    8, Price:   258.80
Day 377: TESTING Action: 0, Volume: 5, Cash:     113.30, TotalVolume:    8, Price:   259.13
Day 378: TESTING Action: 0, Volume: 5, Cash:     113.30, TotalVolume:    8, Price:   260.01
Day 379: TESTING Action: 0, Volume: 5, Cash:     113.30, TotalVolume:    8, Price:   260.81
Day 380: TESTING Action: 0, Volume: 5, Cash:     113.30, TotalVolume:    8, Price:   259.72
Day 381: TESTING Action: 0, Volume: 5, Cash:     113.30, TotalVolume:    8, Price:   257.97
Day 382: TESTING Action: 0, Volume: 5, Cash:     113.30, TotalVolume:    8, Price:   255.29
Day 383: TESTING Action: 0, Volume: 5, Cash:     113.30, TotalVolume:    8, Price:   246.47
Day 384: TESTING Action: 0, Volume: 5, Cash:     113.30, TotalVolume:    8, Price:   247.42
Day 385: TESTING Action: 0, Volume: 5, Cash:     113.30, TotalVolume:    8, Price:   248.12
Day 386: TESTING Action: 0, Volume: 5, Cash:     113.30, TotalVolume:    8, Price:   247.81
Day 387: TESTING Action: 0, Volume: 5, Cash:     113.30, TotalVolume:    8, Price:   255.17
Day 388: TESTING Action: 0, Volume: 5, Cash:     113.30, TotalVolume:    8, Price:   258.03
Day 389: TESTING Action: 0, Volume: 5, Cash:     113.30, TotalVolume:    8, Price:   256.20
Day 390: TESTING Action: 0, Volume: 5, Cash:     113.30, TotalVolume:    8, Price:   258.04
Day 391: TESTING Action: 0, Volume: 5, Cash:     113.30, TotalVolume:    8, Price:   259.24
Day 392: TESTING Action: 0, Volume: 5, Cash:     113.30, TotalVolume:    8, Price:   269.76
Day 393: TESTING Action: 0, Volume: 5, Cash:     113.30, TotalVolume:    8, Price:   269.23
Day 394: TESTING Action: 0, Volume: 5, Cash:     113.30, TotalVolume:    8, Price:   276.23
Day 395: TESTING Action: 0, Volume: 5, Cash:     113.30, TotalVolume:    8, Price:   275.65
Day 396: TESTING Action: 0, Volume: 5, Cash:     113.30, TotalVolume:    8, Price:   277.86
Day 397: TESTING Action: 0, Volume: 5, Cash:     113.30, TotalVolume:    8, Price:   274.62
Day 398: TESTING Action: 0, Volume: 5, Cash:     113.30, TotalVolume:    8, Price:   273.68
Day 399: TESTING Action: 0, Volume: 5, Cash:     113.30, TotalVolume:    8, Price:   275.50
Day 400: TESTING Action: 0, Volume: 5, Cash:     113.30, TotalVolume:    8, Price:   261.73
Day 401: TESTING Action: 0, Volume: 5, Cash:     113.30, TotalVolume:    8, Price:   255.78
Day 402: TESTING Action: 0, Volume: 5, Cash:     113.30, TotalVolume:    8, Price:   263.88
Day 403: TESTING Action: 0, Volume: 5, Cash:     113.30, TotalVolume:    8, Price:   264.35
Day 404: TESTING Action: 0, Volume: 5, Cash:     113.30, TotalVolume:    8, Price:   260.58
Day 405: TESTING Action: 0, Volume: 5, Cash:     113.30, TotalVolume:    8, Price:   264.58
Day 406: TESTING Action: 0, Volume: 5, Cash:     113.30, TotalVolume:    8, Price:   266.18
Day 407: TESTING Action: 1, Volume: 5, Cash:     113.30, TotalVolume:    8, Price:   272.14
Day 408: TESTING Action: 1, Volume: 5, Cash:     113.30, TotalVolume:    8, Price:   274.23
Day 409: TESTING Action: 0, Volume: 5, Cash:     113.30, TotalVolume:    8, Price:   272.95
Day 410: TESTING Action: 0, Volume: 5, Cash:     113.30, TotalVolume:    8, Price:   264.18
Day 411: TESTING Action: 0, Volume: 5, Cash:     113.30, TotalVolume:    8, Price:   264.72
Day 412: TESTING Action: 0, Volume: 5, Cash:     113.30, TotalVolume:    8, Price:   263.75
Day 413: TESTING Action: 0, Volume: 5, Cash:     113.30, TotalVolume:    8, Price:   262.52
Day 414: TESTING Action: 0, Volume: 5, Cash:     113.30, TotalVolume:    8, Price:   260.29
Day 415: TESTING Action: 0, Volume: 5, Cash:     113.30, TotalVolume:    8, Price:   257.46
Day 416: TESTING Action: 0, Volume: 5, Cash:     113.30, TotalVolume:    8, Price:   259.88
Day 417: TESTING Action: 0, Volume: 5, Cash:     113.30, TotalVolume:    8, Price:   260.83
Day 418: TESTING Action: 0, Volume: 5, Cash:     113.30, TotalVolume:    8, Price:   260.81
Day 419: TESTING Action: 0, Volume: 5, Cash:     113.30, TotalVolume:    8, Price:   255.76
Day 420: TESTING Action: 0, Volume: 5, Cash:     113.30, TotalVolume:    8, Price:   250.12
Day 421: TESTING Action: 0, Volume: 5, Cash:     113.30, TotalVolume:    8, Price:   252.82
Day 422: TESTING Action: 0, Volume: 5, Cash:     113.30, TotalVolume:    8, Price:   254.23
Day 423: TESTING Action: 0, Volume: 5, Cash:     113.30, TotalVolume:    8, Price:   249.94
Day 424: TESTING Action: 0, Volume: 5, Cash:     113.30, TotalVolume:    8, Price:   248.96
Day 425: TESTING Action: 0, Volume: 5, Cash:     113.30, TotalVolume:    8, Price:   247.99
Day 426: TESTING Action: 0, Volume: 5, Cash:     113.30, TotalVolume:    8, Price:   251.49
Day 427: TESTING Action: 0, Volume: 5, Cash:     113.30, TotalVolume:    8, Price:   251.64
Day 428: TESTING Action: 0, Volume: 5, Cash:     113.30, TotalVolume:    8, Price:   252.62
Day 429: TESTING Action: 0, Volume: 5, Cash:     113.30, TotalVolume:    8, Price:   252.89
Day 430: TESTING Action: 0, Volume: 5, Cash:     113.30, TotalVolume:    8, Price:   248.80
Day 431: TESTING Action: 0, Volume: 5, Cash:     113.30, TotalVolume:    8, Price:   246.63
Day 432: TESTING Action: 0, Volume: 5, Cash:     113.30, TotalVolume:    8, Price:   253.79
Day 433: TESTING Action: 0, Volume: 5, Cash:     113.30, TotalVolume:    8, Price:   255.63
2158.3402404785156 2238.4520263671875
Day 1: TESTING Action: 0, Volume: 5, Cash:    2000.00, TotalVolume:    0, Price:   448.63
Day 2: TESTING Action: 0, Volume: 5, Cash:    2000.00, TotalVolume:    0, Price:   447.50
Day 3: TESTING Action: 0, Volume: 5, Cash:    2000.00, TotalVolume:    0, Price:   447.90
Day 4: TESTING Action: 0, Volume: 5, Cash:    2000.00, TotalVolume:    0, Price:   443.52
Day 5: TESTING Action: 0, Volume: 5, Cash:    2000.00, TotalVolume:    0, Price:   437.60
Day 6: TESTING Action: 0, Volume: 5, Cash:    2000.00, TotalVolume:    0, Price:   434.50
Day 7: TESTING Action: 0, Volume: 5, Cash:    2000.00, TotalVolume:    0, Price:   431.28
Day 8: TESTING Action: 0, Volume: 5, Cash:    2000.00, TotalVolume:    0, Price:   437.03
Day 9: TESTING Action: 0, Volume: 5, Cash:    2000.00, TotalVolume:    0, Price:   438.92
Day 10: TESTING Action: 0, Volume: 5, Cash:    2000.00, TotalVolume:    0, Price:   423.18
Day 11: TESTING Action: 0, Volume: 5, Cash:    2000.00, TotalVolume:    0, Price:   412.82
Day 12: TESTING Action: 0, Volume: 5, Cash:    2000.00, TotalVolume:    0, Price:   419.60
Day 13: TESTING Action: 0, Volume: 5, Cash:    2000.00, TotalVolume:    0, Price:   421.04
Day 14: TESTING Action: 0, Volume: 5, Cash:    2000.00, TotalVolume:    0, Price:   417.28
Day 15: TESTING Action: 0, Volume: 5, Cash:    2000.00, TotalVolume:    0, Price:   412.77
Day 16: TESTING Action: 0, Volume: 5, Cash:    2000.00, TotalVolume:    0, Price:   411.55
Day 17: TESTING Action: 0, Volume: 5, Cash:    2000.00, TotalVolume:    0, Price:   403.04
Day 18: TESTING Action: 0, Volume: 5, Cash:    2000.00, TotalVolume:    0, Price:   389.88
Day 19: TESTING Action: 0, Volume: 5, Cash:    2000.00, TotalVolume:    0, Price:   394.28
Day 20: TESTING Action: 0, Volume: 5, Cash:    2000.00, TotalVolume:    0, Price:   393.11
Day 21: TESTING Action: 0, Volume: 5, Cash:    2000.00, TotalVolume:    0, Price:   397.32
Day 22: TESTING Action: 0, Volume: 5, Cash:    2000.00, TotalVolume:    0, Price:   400.60
Day 23: TESTING Action: 0, Volume: 5, Cash:    2000.00, TotalVolume:    0, Price:   401.38
Day 24: TESTING Action: 0, Volume: 5, Cash:    2000.00, TotalVolume:    0, Price:   408.49
Day 25: TESTING Action: 0, Volume: 5, Cash:    2000.00, TotalVolume:    0, Price:   411.30
Day 26: TESTING Action: 0, Volume: 5, Cash:    2000.00, TotalVolume:    0, Price:   416.16
Day 27: TESTING Action: 0, Volume: 5, Cash:    2000.00, TotalVolume:    0, Price:   413.63
Day 28: TESTING Action: 0, Volume: 5, Cash:    2000.00, TotalVolume:    0, Price:   416.66
Day 29: TESTING Action: 0, Volume: 5, Cash:    2000.00, TotalVolume:    0, Price:   419.89
Day 30: TESTING Action: 0, Volume: 5, Cash:    2000.00, TotalVolume:    0, Price:   419.24
Day 31: TESTING Action: 0, Volume: 5, Cash:    2000.00, TotalVolume:    0, Price:   410.75
Day 32: TESTING Action: 0, Volume: 5, Cash:    2000.00, TotalVolume:    0, Price:   411.97
Day 33: TESTING Action: 1, Volume: 5, Cash:    2000.00, TotalVolume:    0, Price:   408.71
Day 34: TESTING Action: 1, Volume: 5, Cash:     365.16, TotalVolume:    4, Price:   409.06
Day 35: TESTING Action: 1, Volume: 5, Cash:     365.16, TotalVolume:    4, Price:   405.85
Day 36: TESTING Action: 0, Volume: 5, Cash:     365.16, TotalVolume:    4, Price:   408.34
Day 37: TESTING Action: 0, Volume: 5, Cash:     365.16, TotalVolume:    4, Price:   412.32
Day 38: TESTING Action: 0, Volume: 5, Cash:     365.16, TotalVolume:    4, Price:   404.71
Day 39: TESTING Action: 1, Volume: 5, Cash:     365.16, TotalVolume:    4, Price:   404.17
Day 40: TESTING Action: 0, Volume: 5, Cash:     365.16, TotalVolume:    4, Price:   403.67
Day 41: TESTING Action: 0, Volume: 5, Cash:     365.16, TotalVolume:    4, Price:   397.06
Day 42: TESTING Action: 1, Volume: 5, Cash:     365.16, TotalVolume:    4, Price:   401.03
Day 43: TESTING Action: 1, Volume: 5, Cash:     365.16, TotalVolume:    4, Price:   409.41
Day 44: TESTING Action: 1, Volume: 5, Cash:     365.16, TotalVolume:    4, Price:   418.15
Day 45: TESTING Action: 1, Volume: 5, Cash:     365.16, TotalVolume:    4, Price:   422.06
Day 46: TESTING Action: 1, Volume: 5, Cash:     365.16, TotalVolume:    4, Price:   425.61
Day 47: TESTING Action: 0, Volume: 5, Cash:     365.16, TotalVolume:    4, Price:   426.35
Day 48: TESTING Action: 0, Volume: 5, Cash:     365.16, TotalVolume:    4, Price:   430.12
Day 49: TESTING Action: 0, Volume: 5, Cash:     365.16, TotalVolume:    4, Price:   425.83
Day 50: TESTING Action: 0, Volume: 5, Cash:     365.16, TotalVolume:    4, Price:   433.62
Day 51: TESTING Action: 0, Volume: 5, Cash:     365.16, TotalVolume:    4, Price:   430.24
Day 52: TESTING Action: 0, Volume: 5, Cash:     365.16, TotalVolume:    4, Price:   428.50
Day 53: TESTING Action: 0, Volume: 5, Cash:     365.16, TotalVolume:    4, Price:   424.21
Day 54: TESTING Action: 0, Volume: 5, Cash:     365.16, TotalVolume:    4, Price:   427.11
Day 55: TESTING Action: 0, Volume: 5, Cash:     365.16, TotalVolume:    4, Price:   426.32
Day 56: TESTING Action: 0, Volume: 5, Cash:     365.16, TotalVolume:    4, Price:   423.07
Day 57: TESTING Action: 1, Volume: 5, Cash:     365.16, TotalVolume:    4, Price:   425.32
Day 58: TESTING Action: 0, Volume: 5, Cash:     365.16, TotalVolume:    4, Price:   415.83
Day 59: TESTING Action: 0, Volume: 5, Cash:     365.16, TotalVolume:    4, Price:   412.31
Day 60: TESTING Action: 0, Volume: 5, Cash:     365.16, TotalVolume:    4, Price:   411.72
Day 61: TESTING Action: 0, Volume: 5, Cash:     365.16, TotalVolume:    4, Price:   411.25
Day 62: TESTING Action: 0, Volume: 5, Cash:     365.16, TotalVolume:    4, Price:   404.80
Day 63: TESTING Action: 0, Volume: 5, Cash:     365.16, TotalVolume:    4, Price:   409.92
Day 64: TESTING Action: 0, Volume: 5, Cash:     365.16, TotalVolume:    4, Price:   412.63
Day 65: TESTING Action: 0, Volume: 5, Cash:     365.16, TotalVolume:    4, Price:   411.03
Day 66: TESTING Action: 0, Volume: 5, Cash:     365.16, TotalVolume:    4, Price:   411.51
Day 67: TESTING Action: 0, Volume: 5, Cash:     365.16, TotalVolume:    4, Price:   414.29
Day 68: TESTING Action: 0, Volume: 5, Cash:     365.16, TotalVolume:    4, Price:   413.90
Day 69: TESTING Action: 0, Volume: 5, Cash:     365.16, TotalVolume:    4, Price:   411.31
Day 70: TESTING Action: 0, Volume: 5, Cash:     365.16, TotalVolume:    4, Price:   411.90
Day 71: TESTING Action: 0, Volume: 5, Cash:     365.16, TotalVolume:    4, Price:   413.33
Day 72: TESTING Action: 0, Volume: 5, Cash:     365.16, TotalVolume:    4, Price:   413.94
Day 73: TESTING Action: 0, Volume: 5, Cash:     365.16, TotalVolume:    4, Price:   422.57
Day 74: TESTING Action: 0, Volume: 5, Cash:     365.16, TotalVolume:    4, Price:   419.69
Day 75: TESTING Action: 0, Volume: 5, Cash:     365.16, TotalVolume:    4, Price:   419.82
Day 76: TESTING Action: 0, Volume: 5, Cash:     365.16, TotalVolume:    4, Price:   423.20
Day 77: TESTING Action: 0, Volume: 5, Cash:     365.16, TotalVolume:    4, Price:   421.66
Day 78: TESTING Action: 0, Volume: 5, Cash:     365.16, TotalVolume:    4, Price:   426.96
Day 79: TESTING Action: 0, Volume: 5, Cash:     365.16, TotalVolume:    4, Price:   427.53
Day 80: TESTING Action: 0, Volume: 5, Cash:     365.16, TotalVolume:    4, Price:   401.65
Day 81: TESTING Action: 0, Volume: 5, Cash:     365.16, TotalVolume:    4, Price:   405.63
Day 82: TESTING Action: 0, Volume: 5, Cash:     365.16, TotalVolume:    4, Price:   403.74
Day 83: TESTING Action: 0, Volume: 5, Cash:     365.16, TotalVolume:    4, Price:   406.70
Day 84: TESTING Action: 0, Volume: 5, Cash:     365.16, TotalVolume:    4, Price:   415.32
Day 85: TESTING Action: 0, Volume: 5, Cash:     365.16, TotalVolume:    4, Price:   420.51
Day 86: TESTING Action: 0, Volume: 5, Cash:     365.16, TotalVolume:    4, Price:   417.65
Day 87: TESTING Action: 0, Volume: 5, Cash:     365.16, TotalVolume:    4, Price:   413.18
Day 88: TESTING Action: 0, Volume: 5, Cash:     365.16, TotalVolume:    4, Price:   418.14
Day 89: TESTING Action: 0, Volume: 5, Cash:     365.16, TotalVolume:    4, Price:   420.28
Day 90: TESTING Action: 0, Volume: 5, Cash:     365.16, TotalVolume:    4, Price:   421.95
Day 91: TESTING Action: 0, Volume: 5, Cash:     365.16, TotalVolume:    4, Price:   410.20
Day 92: TESTING Action: 0, Volume: 5, Cash:     365.16, TotalVolume:    4, Price:   410.95
Day 93: TESTING Action: 0, Volume: 5, Cash:     365.16, TotalVolume:    4, Price:   412.96
Day 94: TESTING Action: 0, Volume: 5, Cash:     365.16, TotalVolume:    4, Price:   410.69
Day 95: TESTING Action: 0, Volume: 5, Cash:     365.16, TotalVolume:    4, Price:   408.91
Day 96: TESTING Action: 0, Volume: 5, Cash:     365.16, TotalVolume:    4, Price:   413.00
Day 97: TESTING Action: 0, Volume: 5, Cash:     365.16, TotalVolume:    4, Price:   414.78
Day 98: TESTING Action: 1, Volume: 5, Cash:     365.16, TotalVolume:    4, Price:   423.89
Day 99: TESTING Action: 1, Volume: 5, Cash:     365.16, TotalVolume:    4, Price:   418.94
Day 100: TESTING Action: 0, Volume: 5, Cash:     365.16, TotalVolume:    4, Price:   419.40
Day 101: TESTING Action: 0, Volume: 5, Cash:     365.16, TotalVolume:    4, Price:   426.85
Day 102: TESTING Action: 0, Volume: 5, Cash:     365.16, TotalVolume:    4, Price:   427.07
Day 103: TESTING Action: 0, Volume: 5, Cash:     365.16, TotalVolume:    4, Price:   433.23
Day 104: TESTING Action: 0, Volume: 5, Cash:     365.16, TotalVolume:    4, Price:   438.38
Day 105: TESTING Action: 0, Volume: 5, Cash:     365.16, TotalVolume:    4, Price:   439.32
Day 106: TESTING Action: 0, Volume: 5, Cash:     365.16, TotalVolume:    4, Price:   441.75
Day 107: TESTING Action: 0, Volume: 5, Cash:     365.16, TotalVolume:    4, Price:   439.08
Day 108: TESTING Action: 0, Volume: 5, Cash:     365.16, TotalVolume:    4, Price:   444.69
Day 109: TESTING Action: 0, Volume: 5, Cash:     365.16, TotalVolume:    4, Price:   445.25
Day 110: TESTING Action: 0, Volume: 5, Cash:     365.16, TotalVolume:    4, Price:   442.98
Day 111: TESTING Action: 0, Volume: 5, Cash:     365.16, TotalVolume:    4, Price:   447.26
Day 112: TESTING Action: 0, Volume: 5, Cash:     365.16, TotalVolume:    4, Price:   450.10
Day 113: TESTING Action: 0, Volume: 5, Cash:     365.16, TotalVolume:    4, Price:   433.20
Day 114: TESTING Action: 0, Volume: 5, Cash:     365.16, TotalVolume:    4, Price:   432.84
Day 115: TESTING Action: 0, Volume: 5, Cash:     365.16, TotalVolume:    4, Price:   432.42
Day 116: TESTING Action: 0, Volume: 5, Cash:     365.16, TotalVolume:    4, Price:   431.08
Day 117: TESTING Action: 0, Volume: 5, Cash:     365.16, TotalVolume:    4, Price:   435.12
Day 118: TESTING Action: 0, Volume: 5, Cash:     365.16, TotalVolume:    4, Price:   433.91
Day 119: TESTING Action: 0, Volume: 5, Cash:     365.16, TotalVolume:    4, Price:   426.40
Day 120: TESTING Action: 0, Volume: 5, Cash:     365.16, TotalVolume:    4, Price:   420.76
Day 121: TESTING Action: 0, Volume: 5, Cash:     365.16, TotalVolume:    4, Price:   417.46
Day 122: TESTING Action: 0, Volume: 5, Cash:     365.16, TotalVolume:    4, Price:   414.57
Day 123: TESTING Action: 0, Volume: 5, Cash:     365.16, TotalVolume:    4, Price:   419.29
Day 124: TESTING Action: 0, Volume: 5, Cash:     365.16, TotalVolume:    4, Price:   423.75
Day 125: TESTING Action: 0, Volume: 5, Cash:     365.16, TotalVolume:    4, Price:   418.32
Day 126: TESTING Action: 0, Volume: 5, Cash:     365.16, TotalVolume:    4, Price:   420.49
Day 127: TESTING Action: 0, Volume: 5, Cash:     365.16, TotalVolume:    4, Price:   414.94
Day 128: TESTING Action: 0, Volume: 5, Cash:     365.16, TotalVolume:    4, Price:   413.19
Day 129: TESTING Action: 0, Volume: 5, Cash:     365.16, TotalVolume:    4, Price:   411.69
Day 130: TESTING Action: 0, Volume: 5, Cash:     365.16, TotalVolume:    4, Price:   422.22
Day 131: TESTING Action: 0, Volume: 5, Cash:     365.16, TotalVolume:    4, Price:   420.51
Day 132: TESTING Action: 0, Volume: 5, Cash:     365.16, TotalVolume:    4, Price:   424.92
Day 133: TESTING Action: 0, Volume: 5, Cash:     365.16, TotalVolume:    4, Price:   424.39
Day 134: TESTING Action: 0, Volume: 5, Cash:     365.16, TotalVolume:    4, Price:   441.92
Day 135: TESTING Action: 0, Volume: 5, Cash:     365.16, TotalVolume:    4, Price:   442.43
Day 136: TESTING Action: 0, Volume: 5, Cash:     365.16, TotalVolume:    4, Price:   439.80
Day 137: TESTING Action: 0, Volume: 5, Cash:     365.16, TotalVolume:    4, Price:   430.40
Day 138: TESTING Action: 0, Volume: 5, Cash:     365.16, TotalVolume:    4, Price:   442.91
Day 139: TESTING Action: 0, Volume: 5, Cash:     365.16, TotalVolume:    4, Price:   438.09
Day 140: TESTING Action: 0, Volume: 5, Cash:     365.16, TotalVolume:    4, Price:   411.01
Day 141: TESTING Action: 0, Volume: 5, Cash:     365.16, TotalVolume:    4, Price:   411.08
Day 142: TESTING Action: 0, Volume: 5, Cash:     365.16, TotalVolume:    4, Price:   406.98
Day 143: TESTING Action: 0, Volume: 5, Cash:     365.16, TotalVolume:    4, Price:   408.42
Day 144: TESTING Action: 0, Volume: 5, Cash:     365.16, TotalVolume:    4, Price:   409.33
Day 145: TESTING Action: 0, Volume: 5, Cash:     365.16, TotalVolume:    4, Price:   411.84
Day 146: TESTING Action: 0, Volume: 5, Cash:     365.16, TotalVolume:    4, Price:   405.82
Day 147: TESTING Action: 0, Volume: 5, Cash:     365.16, TotalVolume:    4, Price:   408.27
Day 148: TESTING Action: 0, Volume: 5, Cash:     365.16, TotalVolume:    4, Price:   407.50
Day 149: TESTING Action: 0, Volume: 5, Cash:     365.16, TotalVolume:    4, Price:   405.12
Day 150: TESTING Action: 0, Volume: 5, Cash:     365.16, TotalVolume:    4, Price:   406.61
Day 151: TESTING Action: 0, Volume: 5, Cash:     365.16, TotalVolume:    4, Price:   404.52
Day 152: TESTING Action: 0, Volume: 5, Cash:     365.16, TotalVolume:    4, Price:   405.71
Day 153: TESTING Action: 0, Volume: 5, Cash:     365.16, TotalVolume:    4, Price:   410.80
Day 154: TESTING Action: 0, Volume: 5, Cash:     365.16, TotalVolume:    4, Price:   412.97
Day 155: TESTING Action: 0, Volume: 5, Cash:     365.16, TotalVolume:    4, Price:   405.11
Day 156: TESTING Action: 0, Volume: 5, Cash:     365.16, TotalVolume:    4, Price:   400.93
Day 157: TESTING Action: 0, Volume: 5, Cash:     365.16, TotalVolume:    4, Price:   394.88
Day 158: TESTING Action: 0, Volume: 5, Cash:     365.16, TotalVolume:    4, Price:   396.69
Day 159: TESTING Action: 0, Volume: 5, Cash:     365.16, TotalVolume:    4, Price:   389.55
Day 160: TESTING Action: 0, Volume: 5, Cash:     365.16, TotalVolume:    4, Price:   393.97
Day 161: TESTING Action: 0, Volume: 5, Cash:     365.16, TotalVolume:    4, Price:   385.54
Day 162: TESTING Action: 0, Volume: 5, Cash:     365.16, TotalVolume:    4, Price:   385.66
Day 163: TESTING Action: 0, Volume: 5, Cash:     365.16, TotalVolume:    4, Price:   397.97
Day 164: TESTING Action: 0, Volume: 5, Cash:     365.16, TotalVolume:    4, Price:   393.87
Day 165: TESTING Action: 0, Volume: 5, Cash:     365.16, TotalVolume:    4, Price:   390.32
Day 166: TESTING Action: 0, Volume: 5, Cash:     365.16, TotalVolume:    4, Price:   377.27
Day 167: TESTING Action: 0, Volume: 5, Cash:     365.16, TotalVolume:    4, Price:   377.56
Day 168: TESTING Action: 0, Volume: 5, Cash:     365.16, TotalVolume:    4, Price:   380.36
Day 169: TESTING Action: 0, Volume: 5, Cash:     365.16, TotalVolume:    4, Price:   375.89
Day 170: TESTING Action: 0, Volume: 5, Cash:     365.16, TotalVolume:    4, Price:   385.61
Day 171: TESTING Action: 0, Volume: 5, Cash:     365.16, TotalVolume:    4, Price:   385.75
Day 172: TESTING Action: 0, Volume: 5, Cash:     365.16, TotalVolume:    4, Price:   380.61
Day 173: TESTING Action: 0, Volume: 5, Cash:     365.16, TotalVolume:    4, Price:   384.87
Day 174: TESTING Action: 0, Volume: 5, Cash:     365.16, TotalVolume:    4, Price:   383.90
Day 175: TESTING Action: 0, Volume: 5, Cash:     365.16, TotalVolume:    4, Price:   388.29
Day 176: TESTING Action: 0, Volume: 5, Cash:     365.16, TotalVolume:    4, Price:   390.09
Day 177: TESTING Action: 0, Volume: 5, Cash:     365.16, TotalVolume:    4, Price:   392.16
Day 178: TESTING Action: 0, Volume: 5, Cash:     365.16, TotalVolume:    4, Price:   387.01
Day 179: TESTING Action: 0, Volume: 5, Cash:     365.16, TotalVolume:    4, Price:   387.61
Day 180: TESTING Action: 0, Volume: 5, Cash:     365.16, TotalVolume:    4, Price:   375.92
Day 181: TESTING Action: 0, Volume: 5, Cash:     365.16, TotalVolume:    4, Price:   372.54
Day 182: TESTING Action: 0, Volume: 5, Cash:     365.16, TotalVolume:    4, Price:   379.29
Day 183: TESTING Action: 0, Volume: 5, Cash:     365.16, TotalVolume:    4, Price:   379.24
Day 184: TESTING Action: 0, Volume: 5, Cash:     365.16, TotalVolume:    4, Price:   370.28
Day 185: TESTING Action: 0, Volume: 5, Cash:     365.16, TotalVolume:    4, Price:   357.11
Day 186: TESTING Action: 0, Volume: 5, Cash:     365.16, TotalVolume:    4, Price:   355.14
Day 187: TESTING Action: 0, Volume: 5, Cash:     365.16, TotalVolume:    4, Price:   351.87
Day 188: TESTING Action: 0, Volume: 5, Cash:     365.16, TotalVolume:    4, Price:   387.52
Day 189: TESTING Action: 0, Volume: 5, Cash:     365.16, TotalVolume:    4, Price:   378.45
Day 190: TESTING Action: 0, Volume: 5, Cash:     365.16, TotalVolume:    4, Price:   385.50
Day 191: TESTING Action: 0, Volume: 5, Cash:     365.16, TotalVolume:    4, Price:   384.86
Day 192: TESTING Action: 0, Volume: 5, Cash:     365.16, TotalVolume:    4, Price:   382.80
Day 193: TESTING Action: 0, Volume: 5, Cash:     365.16, TotalVolume:    4, Price:   368.79
Day 194: TESTING Action: 0, Volume: 5, Cash:     365.16, TotalVolume:    4, Price:   364.99
Day 195: TESTING Action: 0, Volume: 5, Cash:     365.16, TotalVolume:    4, Price:   356.39
Day 196: TESTING Action: 0, Volume: 5, Cash:     365.16, TotalVolume:    4, Price:   364.03
Day 197: TESTING Action: 0, Volume: 5, Cash:     365.16, TotalVolume:    4, Price:   371.55
Day 198: TESTING Action: 0, Volume: 5, Cash:     365.16, TotalVolume:    4, Price:   384.36
Day 199: TESTING Action: 0, Volume: 5, Cash:     365.16, TotalVolume:    4, Price:   388.87
Day 200: TESTING Action: 0, Volume: 5, Cash:     365.16, TotalVolume:    4, Price:   388.19
Day 201: TESTING Action: 0, Volume: 5, Cash:     365.16, TotalVolume:    4, Price:   391.05
Day 202: TESTING Action: 0, Volume: 5, Cash:     365.16, TotalVolume:    4, Price:   392.26
Day 203: TESTING Action: 0, Volume: 5, Cash:     365.16, TotalVolume:    4, Price:   422.17
Day 204: TESTING Action: 1, Volume: 5, Cash:     365.16, TotalVolume:    4, Price:   431.97
Day 205: TESTING Action: 0, Volume: 5, Cash:     365.16, TotalVolume:    4, Price:   432.86
Day 206: TESTING Action: 0, Volume: 5, Cash:     365.16, TotalVolume:    4, Price:   430.02
Day 207: TESTING Action: 0, Volume: 5, Cash:     365.16, TotalVolume:    4, Price:   430.06
Day 208: TESTING Action: 0, Volume: 5, Cash:     365.16, TotalVolume:    4, Price:   434.84
Day 209: TESTING Action: 1, Volume: 5, Cash:     365.16, TotalVolume:    4, Price:   435.40
Day 210: TESTING Action: 1, Volume: 5, Cash:     365.16, TotalVolume:    4, Price:   445.85
Day 211: TESTING Action: 1, Volume: 5, Cash:     365.16, TotalVolume:    4, Price:   445.73
Day 212: TESTING Action: 0, Volume: 5, Cash:     365.16, TotalVolume:    4, Price:   449.50
Day 213: TESTING Action: 0, Volume: 5, Cash:     365.16, TotalVolume:    4, Price:   450.51
Day 214: TESTING Action: 0, Volume: 5, Cash:     365.16, TotalVolume:    4, Price:   451.65
Day 215: TESTING Action: 0, Volume: 5, Cash:     365.16, TotalVolume:    4, Price:   456.22
Day 216: TESTING Action: 0, Volume: 5, Cash:     365.16, TotalVolume:    4, Price:   455.52
Day 217: TESTING Action: 0, Volume: 5, Cash:     365.16, TotalVolume:    4, Price:   449.96
Day 218: TESTING Action: 1, Volume: 5, Cash:     365.16, TotalVolume:    4, Price:   452.23
Day 219: TESTING Action: 0, Volume: 5, Cash:     365.16, TotalVolume:    4, Price:   447.58
Day 220: TESTING Action: 0, Volume: 5, Cash:     365.16, TotalVolume:    4, Price:   458.03
Day 221: TESTING Action: 0, Volume: 5, Cash:     365.16, TotalVolume:    4, Price:   454.72
Day 222: TESTING Action: 0, Volume: 5, Cash:     365.16, TotalVolume:    4, Price:   456.03
Day 223: TESTING Action: 0, Volume: 5, Cash:     365.16, TotalVolume:    4, Price:   457.70
Day 224: TESTING Action: 0, Volume: 5, Cash:     365.16, TotalVolume:    4, Price:   459.30
Day 225: TESTING Action: 0, Volume: 5, Cash:     365.16, TotalVolume:    4, Price:   460.30
Day 226: TESTING Action: 0, Volume: 5, Cash:     365.16, TotalVolume:    4, Price:   461.19
Day 227: TESTING Action: 0, Volume: 5, Cash:     365.16, TotalVolume:    4, Price:   464.98
Day 228: TESTING Action: 0, Volume: 5, Cash:     365.16, TotalVolume:    4, Price:   467.66
Day 229: TESTING Action: 0, Volume: 5, Cash:     365.16, TotalVolume:    4, Price:   470.02
Day 230: TESTING Action: 0, Volume: 5, Cash:     365.16, TotalVolume:    4, Price:   468.20
Day 231: TESTING Action: 0, Volume: 5, Cash:     365.16, TotalVolume:    4, Price:   469.89
Day 232: TESTING Action: 0, Volume: 5, Cash:     365.16, TotalVolume:    4, Price:   476.10
Day 233: TESTING Action: 0, Volume: 5, Cash:     365.16, TotalVolume:    4, Price:   472.22
Day 234: TESTING Action: 0, Volume: 5, Cash:     365.16, TotalVolume:    4, Price:   476.37
Day 235: TESTING Action: 0, Volume: 5, Cash:     365.16, TotalVolume:    4, Price:   475.28
Day 236: TESTING Action: 0, Volume: 5, Cash:     365.16, TotalVolume:    4, Price:   477.47
Day 237: TESTING Action: 0, Volume: 5, Cash:     365.16, TotalVolume:    4, Price:   474.64
Day 238: TESTING Action: 0, Volume: 5, Cash:     365.16, TotalVolume:    4, Price:   483.19
Day 239: TESTING Action: 0, Volume: 5, Cash:     365.16, TotalVolume:    4, Price:   487.28
Day 240: TESTING Action: 0, Volume: 5, Cash:     365.16, TotalVolume:    4, Price:   489.43
Day 241: TESTING Action: 0, Volume: 5, Cash:     365.16, TotalVolume:    4, Price:   494.58
Day 242: TESTING Action: 0, Volume: 5, Cash:     365.16, TotalVolume:    4, Price:   493.08
Day 243: TESTING Action: 0, Volume: 5, Cash:     365.16, TotalVolume:    4, Price:   494.54
Day 244: TESTING Action: 0, Volume: 5, Cash:     365.16, TotalVolume:    4, Price:   489.21
Day 245: TESTING Action: 0, Volume: 5, Cash:     365.16, TotalVolume:    4, Price:   488.25
Day 246: TESTING Action: 0, Volume: 5, Cash:     365.16, TotalVolume:    4, Price:   495.96
Day 247: TESTING Action: 0, Volume: 5, Cash:     365.16, TotalVolume:    4, Price:   494.85
Day 248: TESTING Action: 0, Volume: 5, Cash:     365.16, TotalVolume:    4, Price:   493.75
Day 249: TESTING Action: 0, Volume: 5, Cash:     365.16, TotalVolume:    4, Price:   500.60
Day 250: TESTING Action: 0, Volume: 5, Cash:     365.16, TotalVolume:    4, Price:   498.58
Day 251: TESTING Action: 0, Volume: 5, Cash:     365.16, TotalVolume:    4, Price:   500.41
Day 252: TESTING Action: 0, Volume: 5, Cash:     365.16, TotalVolume:    4, Price:   500.11
Day 253: TESTING Action: 0, Volume: 5, Cash:     365.16, TotalVolume:    4, Price:   502.90
Day 254: TESTING Action: 0, Volume: 5, Cash:     365.16, TotalVolume:    4, Price:   502.70
Day 255: TESTING Action: 0, Volume: 5, Cash:     365.16, TotalVolume:    4, Price:   508.74
Day 256: TESTING Action: 0, Volume: 5, Cash:     365.16, TotalVolume:    4, Price:   507.10
Day 257: TESTING Action: 0, Volume: 5, Cash:     365.16, TotalVolume:    4, Price:   507.11
Day 258: TESTING Action: 0, Volume: 5, Cash:     365.16, TotalVolume:    4, Price:   502.35
Day 259: TESTING Action: 0, Volume: 5, Cash:     365.16, TotalVolume:    4, Price:   502.95
Day 260: TESTING Action: 0, Volume: 5, Cash:     365.16, TotalVolume:    4, Price:   507.93
Day 261: TESTING Action: 0, Volume: 5, Cash:     365.16, TotalVolume:    4, Price:   510.74
Day 262: TESTING Action: 0, Volume: 5, Cash:     365.16, TotalVolume:    4, Price:   509.54
Day 263: TESTING Action: 0, Volume: 5, Cash:     365.16, TotalVolume:    4, Price:   509.61
Day 264: TESTING Action: 0, Volume: 5, Cash:     365.16, TotalVolume:    4, Price:   510.28
Day 265: TESTING Action: 0, Volume: 5, Cash:     365.16, TotalVolume:    4, Price:   530.42
Day 266: TESTING Action: 0, Volume: 5, Cash:     365.16, TotalVolume:    4, Price:   521.08
Day 267: TESTING Action: 0, Volume: 5, Cash:     365.16, TotalVolume:    4, Price:   532.55
Day 268: TESTING Action: 0, Volume: 5, Cash:     365.16, TotalVolume:    4, Price:   524.70
Day 269: TESTING Action: 0, Volume: 5, Cash:     365.16, TotalVolume:    4, Price:   521.91
Day 270: TESTING Action: 0, Volume: 5, Cash:     365.16, TotalVolume:    4, Price:   517.83
Day 271: TESTING Action: 0, Volume: 5, Cash:     365.16, TotalVolume:    4, Price:   519.02
Day 272: TESTING Action: 0, Volume: 5, Cash:     365.16, TotalVolume:    4, Price:   518.76
Day 273: TESTING Action: 0, Volume: 5, Cash:     365.16, TotalVolume:    4, Price:   526.18
Day 274: TESTING Action: 0, Volume: 5, Cash:     365.16, TotalVolume:    4, Price:   517.57
Day 275: TESTING Action: 0, Volume: 5, Cash:     365.16, TotalVolume:    4, Price:   519.46
Day 276: TESTING Action: 0, Volume: 5, Cash:     365.16, TotalVolume:    4, Price:   517.17
Day 277: TESTING Action: 0, Volume: 5, Cash:     365.16, TotalVolume:    4, Price:   514.11
Day 278: TESTING Action: 0, Volume: 5, Cash:     365.16, TotalVolume:    4, Price:   506.83
Day 279: TESTING Action: 0, Volume: 5, Cash:     365.16, TotalVolume:    4, Price:   502.80
Day 280: TESTING Action: 0, Volume: 5, Cash:     365.16, TotalVolume:    4, Price:   502.15
Day 281: TESTING Action: 0, Volume: 5, Cash:     365.16, TotalVolume:    4, Price:   505.13
Day 282: TESTING Action: 0, Volume: 5, Cash:     365.16, TotalVolume:    4, Price:   502.17
Day 283: TESTING Action: 0, Volume: 5, Cash:     365.16, TotalVolume:    4, Price:   499.96
Day 284: TESTING Action: 0, Volume: 5, Cash:     365.16, TotalVolume:    4, Price:   504.64
Day 285: TESTING Action: 0, Volume: 5, Cash:     365.16, TotalVolume:    4, Price:   507.53
Day 286: TESTING Action: 0, Volume: 5, Cash:     365.16, TotalVolume:    4, Price:   504.59
Day 287: TESTING Action: 0, Volume: 5, Cash:     365.16, TotalVolume:    4, Price:   503.03
Day 288: TESTING Action: 0, Volume: 5, Cash:     365.16, TotalVolume:    4, Price:   503.26
Day 289: TESTING Action: 0, Volume: 5, Cash:     365.16, TotalVolume:    4, Price:   505.87
Day 290: TESTING Action: 0, Volume: 5, Cash:     365.16, TotalVolume:    4, Price:   492.95
Day 291: TESTING Action: 0, Volume: 5, Cash:     365.16, TotalVolume:    4, Price:   496.14
Day 292: TESTING Action: 0, Volume: 5, Cash:     365.16, TotalVolume:    4, Price:   496.35
Day 293: TESTING Action: 0, Volume: 5, Cash:     365.16, TotalVolume:    4, Price:   498.30
Day 294: TESTING Action: 0, Volume: 5, Cash:     365.16, TotalVolume:    4, Price:   498.94
Day 295: TESTING Action: 0, Volume: 5, Cash:     365.16, TotalVolume:    4, Price:   507.79
Day 296: TESTING Action: 0, Volume: 5, Cash:     365.16, TotalVolume:    4, Price:   513.23
Day 297: TESTING Action: 0, Volume: 5, Cash:     365.16, TotalVolume:    4, Price:   506.93
Day 298: TESTING Action: 0, Volume: 5, Cash:     365.16, TotalVolume:    4, Price:   507.91
Day 299: TESTING Action: 0, Volume: 5, Cash:     365.16, TotalVolume:    4, Price:   506.34
Day 300: TESTING Action: 0, Volume: 5, Cash:     365.16, TotalVolume:    4, Price:   515.79
Day 301: TESTING Action: 0, Volume: 5, Cash:     365.16, TotalVolume:    4, Price:   512.32
Day 302: TESTING Action: 0, Volume: 5, Cash:     365.16, TotalVolume:    4, Price:   507.12
Day 303: TESTING Action: 0, Volume: 5, Cash:     365.16, TotalVolume:    4, Price:   508.04
Day 304: TESTING Action: 0, Volume: 5, Cash:     365.16, TotalVolume:    4, Price:   504.93
Day 305: TESTING Action: 0, Volume: 5, Cash:     365.16, TotalVolume:    4, Price:   509.34
Day 306: TESTING Action: 0, Volume: 5, Cash:     365.16, TotalVolume:    4, Price:   512.47
Day 307: TESTING Action: 0, Volume: 5, Cash:     365.16, TotalVolume:    4, Price:   515.81
Day 308: TESTING Action: 0, Volume: 5, Cash:     365.16, TotalVolume:    4, Price:   517.56
Day 309: TESTING Action: 0, Volume: 5, Cash:     365.16, TotalVolume:    4, Price:   513.60
Day 310: TESTING Action: 0, Volume: 5, Cash:     365.16, TotalVolume:    4, Price:   515.21
Day 311: TESTING Action: 0, Volume: 5, Cash:     365.16, TotalVolume:    4, Price:   526.38
Day 312: TESTING Action: 0, Volume: 5, Cash:     365.16, TotalVolume:    4, Price:   521.81
Day 313: TESTING Action: 0, Volume: 5, Cash:     365.16, TotalVolume:    4, Price:   522.68
Day 314: TESTING Action: 0, Volume: 5, Cash:     365.16, TotalVolume:    4, Price:   520.24
Day 315: TESTING Action: 0, Volume: 5, Cash:     365.16, TotalVolume:    4, Price:   508.84
Day 316: TESTING Action: 0, Volume: 5, Cash:     365.16, TotalVolume:    4, Price:   511.92
Day 317: TESTING Action: 0, Volume: 5, Cash:     365.16, TotalVolume:    4, Price:   511.44
Day 318: TESTING Action: 0, Volume: 5, Cash:     365.16, TotalVolume:    4, Price:   511.30
Day 319: TESTING Action: 0, Volume: 5, Cash:     365.16, TotalVolume:    4, Price:   509.49
Day 320: TESTING Action: 0, Volume: 5, Cash:     365.16, TotalVolume:    4, Price:   511.45
Day 321: TESTING Action: 0, Volume: 5, Cash:     365.16, TotalVolume:    4, Price:   514.65
Day 322: TESTING Action: 0, Volume: 5, Cash:     365.16, TotalVolume:    4, Price:   515.52
Day 323: TESTING Action: 0, Volume: 5, Cash:     365.16, TotalVolume:    4, Price:   518.38
Day 324: TESTING Action: 0, Volume: 5, Cash:     365.16, TotalVolume:    4, Price:   518.40
Day 325: TESTING Action: 0, Volume: 5, Cash:     365.16, TotalVolume:    4, Price:   521.44
Day 326: TESTING Action: 0, Volume: 5, Cash:     365.16, TotalVolume:    4, Price:   529.32
Day 327: TESTING Action: 0, Volume: 5, Cash:     365.16, TotalVolume:    4, Price:   539.83
Day 328: TESTING Action: 0, Volume: 5, Cash:     365.16, TotalVolume:    4, Price:   539.31
Day 329: TESTING Action: 0, Volume: 5, Cash:     365.16, TotalVolume:    4, Price:   523.58
Day 330: TESTING Action: 0, Volume: 5, Cash:     365.16, TotalVolume:    4, Price:   515.67
Day 331: TESTING Action: 0, Volume: 5, Cash:     365.16, TotalVolume:    4, Price:   514.89
Day 332: TESTING Action: 0, Volume: 5, Cash:     365.16, TotalVolume:    4, Price:   512.20
Day 333: TESTING Action: 0, Volume: 5, Cash:     365.16, TotalVolume:    4, Price:   505.06
Day 334: TESTING Action: 0, Volume: 5, Cash:     365.16, TotalVolume:    4, Price:   495.04
Day 335: TESTING Action: 0, Volume: 5, Cash:     365.16, TotalVolume:    4, Price:   494.76
Day 336: TESTING Action: 0, Volume: 5, Cash:     365.16, TotalVolume:    4, Price:   503.90
Day 337: TESTING Action: 0, Volume: 5, Cash:     365.16, TotalVolume:    4, Price:   506.57
Day 338: TESTING Action: 0, Volume: 5, Cash:     365.16, TotalVolume:    4, Price:   509.02
Day 339: TESTING Action: 0, Volume: 5, Cash:     365.16, TotalVolume:    4, Price:   501.21
Day 340: TESTING Action: 0, Volume: 5, Cash:     365.16, TotalVolume:    4, Price:   508.07
Day 341: TESTING Action: 0, Volume: 5, Cash:     365.16, TotalVolume:    4, Price:   505.39
Day 342: TESTING Action: 0, Volume: 5, Cash:     365.16, TotalVolume:    4, Price:   491.75
Day 343: TESTING Action: 0, Volume: 5, Cash:     365.16, TotalVolume:    4, Price:   485.10
Day 344: TESTING Action: 0, Volume: 5, Cash:     365.16, TotalVolume:    4, Price:   477.34
Day 345: TESTING Action: 0, Volume: 5, Cash:     365.16, TotalVolume:    4, Price:   471.04
Day 346: TESTING Action: 0, Volume: 5, Cash:     365.16, TotalVolume:    4, Price:   472.92
Day 347: TESTING Action: 0, Volume: 5, Cash:     365.16, TotalVolume:    4, Price:   475.90
Day 348: TESTING Action: 0, Volume: 5, Cash:     365.16, TotalVolume:    4, Price:   484.39
Day 349: TESTING Action: 0, Volume: 5, Cash:     365.16, TotalVolume:    4, Price:   490.89
Day 350: TESTING Action: 0, Volume: 5, Cash:     365.16, TotalVolume:    4, Price:   485.63
Day 351: TESTING Action: 0, Volume: 5, Cash:     365.16, TotalVolume:    4, Price:   488.88
Day 352: TESTING Action: 0, Volume: 5, Cash:     365.16, TotalVolume:    4, Price:   476.64
Day 353: TESTING Action: 0, Volume: 5, Cash:     365.16, TotalVolume:    4, Price:   479.74
Day 354: TESTING Action: 0, Volume: 5, Cash:     365.16, TotalVolume:    4, Price:   482.06
Day 355: TESTING Action: 0, Volume: 5, Cash:     365.16, TotalVolume:    4, Price:   489.90
Day 356: TESTING Action: 0, Volume: 5, Cash:     365.16, TotalVolume:    4, Price:   490.90
Day 357: TESTING Action: 0, Volume: 5, Cash:     365.16, TotalVolume:    4, Price:   477.47
Day 358: TESTING Action: 0, Volume: 5, Cash:     365.16, TotalVolume:    4, Price:   482.37
Day 359: TESTING Action: 0, Volume: 5, Cash:     365.16, TotalVolume:    4, Price:   477.44
Day 360: TESTING Action: 0, Volume: 5, Cash:     365.16, TotalVolume:    4, Price:   473.74
Day 361: TESTING Action: 0, Volume: 5, Cash:     365.16, TotalVolume:    4, Price:   475.31
Day 362: TESTING Action: 0, Volume: 5, Cash:     365.16, TotalVolume:    4, Price:   475.04
Day 363: TESTING Action: 2, Volume: 5, Cash:     365.16, TotalVolume:    4, Price:   482.88
Day 364: TESTING Action: 0, Volume: 5, Cash:    2296.67, TotalVolume:    0, Price:   484.81
Day 365: TESTING Action: 0, Volume: 5, Cash:    2296.67, TotalVolume:    0, Price:   483.82
Day 366: TESTING Action: 1, Volume: 5, Cash:    2296.67, TotalVolume:    0, Price:   485.74
Day 367: TESTING Action: 0, Volume: 5, Cash:     353.71, TotalVolume:    4, Price:   486.91
Day 368: TESTING Action: 0, Volume: 5, Cash:     353.71, TotalVolume:    4, Price:   486.60
Day 369: TESTING Action: 0, Volume: 5, Cash:     353.71, TotalVolume:    4, Price:   485.99
Day 370: TESTING Action: 1, Volume: 5, Cash:     353.71, TotalVolume:    4, Price:   486.37
Day 371: TESTING Action: 0, Volume: 5, Cash:     353.71, TotalVolume:    4, Price:   482.52
Day 372: TESTING Action: 0, Volume: 5, Cash:     353.71, TotalVolume:    4, Price:   471.86
Day 373: TESTING Action: 0, Volume: 5, Cash:     353.71, TotalVolume:    4, Price:   471.77
Day 374: TESTING Action: 0, Volume: 5, Cash:     353.71, TotalVolume:    4, Price:   477.42
Day 375: TESTING Action: 0, Volume: 5, Cash:     353.71, TotalVolume:    4, Price:   482.37
Day 376: TESTING Action: 0, Volume: 5, Cash:     353.71, TotalVolume:    4, Price:   477.02
Day 377: TESTING Action: 0, Volume: 5, Cash:     353.71, TotalVolume:    4, Price:   478.19
Day 378: TESTING Action: 0, Volume: 5, Cash:     353.71, TotalVolume:    4, Price:   476.09
Day 379: TESTING Action: 0, Volume: 5, Cash:     353.71, TotalVolume:    4, Price:   469.60
Day 380: TESTING Action: 0, Volume: 5, Cash:     353.71, TotalVolume:    4, Price:   458.33
Day 381: TESTING Action: 0, Volume: 5, Cash:     353.71, TotalVolume:    4, Price:   455.62
Day 382: TESTING Action: 0, Volume: 5, Cash:     353.71, TotalVolume:    4, Price:   458.81
Day 383: TESTING Action: 0, Volume: 5, Cash:     353.71, TotalVolume:    4, Price:   453.48
Day 384: TESTING Action: 0, Volume: 5, Cash:     353.71, TotalVolume:    4, Price:   443.10
Day 385: TESTING Action: 0, Volume: 5, Cash:     353.71, TotalVolume:    4, Price:   450.11
Day 386: TESTING Action: 0, Volume: 5, Cash:     353.71, TotalVolume:    4, Price:   464.89
Day 387: TESTING Action: 0, Volume: 5, Cash:     353.71, TotalVolume:    4, Price:   469.21
Day 388: TESTING Action: 0, Volume: 5, Cash:     353.71, TotalVolume:    4, Price:   479.49
Day 389: TESTING Action: 0, Volume: 5, Cash:     353.71, TotalVolume:    4, Price:   480.53
Day 390: TESTING Action: 0, Volume: 5, Cash:     353.71, TotalVolume:    4, Price:   432.51
Day 391: TESTING Action: 0, Volume: 5, Cash:     353.71, TotalVolume:    4, Price:   429.31
Day 392: TESTING Action: 0, Volume: 5, Cash:     353.71, TotalVolume:    4, Price:   422.41
Day 393: TESTING Action: 0, Volume: 5, Cash:     353.71, TotalVolume:    4, Price:   410.27
Day 394: TESTING Action: 0, Volume: 5, Cash:     353.71, TotalVolume:    4, Price:   413.25
Day 395: TESTING Action: 0, Volume: 5, Cash:     353.71, TotalVolume:    4, Price:   392.77
Day 396: TESTING Action: 0, Volume: 5, Cash:     353.71, TotalVolume:    4, Price:   400.23
Day 397: TESTING Action: 0, Volume: 5, Cash:     353.71, TotalVolume:    4, Price:   412.66
Day 398: TESTING Action: 0, Volume: 5, Cash:     353.71, TotalVolume:    4, Price:   412.33
Day 399: TESTING Action: 0, Volume: 5, Cash:     353.71, TotalVolume:    4, Price:   403.45
Day 400: TESTING Action: 0, Volume: 5, Cash:     353.71, TotalVolume:    4, Price:   400.92
Day 401: TESTING Action: 0, Volume: 5, Cash:     353.71, TotalVolume:    4, Price:   400.41
Day 402: TESTING Action: 0, Volume: 5, Cash:     353.71, TotalVolume:    4, Price:   395.96
Day 403: TESTING Action: 0, Volume: 5, Cash:     353.71, TotalVolume:    4, Price:   398.69
Day 404: TESTING Action: 0, Volume: 5, Cash:     353.71, TotalVolume:    4, Price:   398.46
Day 405: TESTING Action: 0, Volume: 5, Cash:     353.71, TotalVolume:    4, Price:   397.23
Day 406: TESTING Action: 0, Volume: 5, Cash:     353.71, TotalVolume:    4, Price:   384.47
Day 407: TESTING Action: 0, Volume: 5, Cash:     353.71, TotalVolume:    4, Price:   389.00
Day 408: TESTING Action: 0, Volume: 5, Cash:     353.71, TotalVolume:    4, Price:   400.60
Day 409: TESTING Action: 0, Volume: 5, Cash:     353.71, TotalVolume:    4, Price:   401.72
Day 410: TESTING Action: 0, Volume: 5, Cash:     353.71, TotalVolume:    4, Price:   392.74
Day 411: TESTING Action: 0, Volume: 5, Cash:     353.71, TotalVolume:    4, Price:   398.55
Day 412: TESTING Action: 0, Volume: 5, Cash:     353.71, TotalVolume:    4, Price:   403.93
Day 413: TESTING Action: 0, Volume: 5, Cash:     353.71, TotalVolume:    4, Price:   405.20
Day 414: TESTING Action: 0, Volume: 5, Cash:     353.71, TotalVolume:    4, Price:   410.68
Day 415: TESTING Action: 0, Volume: 5, Cash:     353.71, TotalVolume:    4, Price:   408.96
Day 416: TESTING Action: 0, Volume: 5, Cash:     353.71, TotalVolume:    4, Price:   409.41
Day 417: TESTING Action: 0, Volume: 5, Cash:     353.71, TotalVolume:    4, Price:   405.76
Day 418: TESTING Action: 1, Volume: 5, Cash:     353.71, TotalVolume:    4, Price:   404.88
Day 419: TESTING Action: 1, Volume: 5, Cash:     353.71, TotalVolume:    4, Price:   401.86
Day 420: TESTING Action: 1, Volume: 5, Cash:     353.71, TotalVolume:    4, Price:   395.55
Day 421: TESTING Action: 1, Volume: 5, Cash:     353.71, TotalVolume:    4, Price:   399.95
Day 422: TESTING Action: 1, Volume: 5, Cash:     353.71, TotalVolume:    4, Price:   399.41
Day 423: TESTING Action: 1, Volume: 5, Cash:     353.71, TotalVolume:    4, Price:   391.79
Day 424: TESTING Action: 1, Volume: 5, Cash:     353.71, TotalVolume:    4, Price:   389.02
Day 425: TESTING Action: 1, Volume: 5, Cash:     353.71, TotalVolume:    4, Price:   381.87
Day 426: TESTING Action: 0, Volume: 5, Cash:     353.71, TotalVolume:    4, Price:   383.00
Day 427: TESTING Action: 0, Volume: 5, Cash:     353.71, TotalVolume:    4, Price:   372.74
Day 428: TESTING Action: 0, Volume: 5, Cash:     353.71, TotalVolume:    4, Price:   371.04
Day 429: TESTING Action: 0, Volume: 5, Cash:     353.71, TotalVolume:    4, Price:   365.97
Day 430: TESTING Action: 0, Volume: 5, Cash:     353.71, TotalVolume:    4, Price:   356.77
Day 431: TESTING Action: 0, Volume: 5, Cash:     353.71, TotalVolume:    4, Price:   358.96
Day 432: TESTING Action: 0, Volume: 5, Cash:     353.71, TotalVolume:    4, Price:   370.17
Day 433: TESTING Action: 0, Volume: 5, Cash:     353.71, TotalVolume:    4, Price:   369.37
1831.1890869140625 1682.943359375
Day 1: TESTING Action: 1, Volume: 5, Cash:    2000.00, TotalVolume:    0, Price:   195.05
Day 2: TESTING Action: 0, Volume: 5, Cash:    1024.75, TotalVolume:    5, Price:   194.49
Day 3: TESTING Action: 0, Volume: 5, Cash:    1024.75, TotalVolume:    5, Price:   192.72
Day 4: TESTING Action: 0, Volume: 5, Cash:    1024.75, TotalVolume:    5, Price:   193.02
Day 5: TESTING Action: 0, Volume: 5, Cash:    1024.75, TotalVolume:    5, Price:   187.93
Day 6: TESTING Action: 0, Volume: 5, Cash:    1024.75, TotalVolume:    5, Price:   183.75
Day 7: TESTING Action: 0, Volume: 5, Cash:    1024.75, TotalVolume:    5, Price:   183.13
Day 8: TESTING Action: 0, Volume: 5, Cash:    1024.75, TotalVolume:    5, Price:   182.55
Day 9: TESTING Action: 0, Volume: 5, Cash:    1024.75, TotalVolume:    5, Price:   186.41
Day 10: TESTING Action: 0, Volume: 5, Cash:    1024.75, TotalVolume:    5, Price:   180.83
Day 11: TESTING Action: 0, Volume: 5, Cash:    1024.75, TotalVolume:    5, Price:   179.85
Day 12: TESTING Action: 0, Volume: 5, Cash:    1024.75, TotalVolume:    5, Price:   182.50
Day 13: TESTING Action: 0, Volume: 5, Cash:    1024.75, TotalVolume:    5, Price:   183.20
Day 14: TESTING Action: 0, Volume: 5, Cash:    1024.75, TotalVolume:    5, Price:   181.71
Day 15: TESTING Action: 0, Volume: 5, Cash:    1024.75, TotalVolume:    5, Price:   186.98
Day 16: TESTING Action: 0, Volume: 5, Cash:    1024.75, TotalVolume:    5, Price:   184.07
Day 17: TESTING Action: 0, Volume: 5, Cash:    1024.75, TotalVolume:    5, Price:   167.90
Day 18: TESTING Action: 0, Volume: 5, Cash:    1024.75, TotalVolume:    5, Price:   161.02
Day 19: TESTING Action: 0, Volume: 5, Cash:    1024.75, TotalVolume:    5, Price:   161.93
Day 20: TESTING Action: 0, Volume: 5, Cash:    1024.75, TotalVolume:    5, Price:   162.77
Day 21: TESTING Action: 0, Volume: 5, Cash:    1024.75, TotalVolume:    5, Price:   165.80
Day 22: TESTING Action: 0, Volume: 5, Cash:    1024.75, TotalVolume:    5, Price:   166.94
Day 23: TESTING Action: 0, Volume: 5, Cash:    1024.75, TotalVolume:    5, Price:   166.80
Day 24: TESTING Action: 0, Volume: 5, Cash:    1024.75, TotalVolume:    5, Price:   170.23
Day 25: TESTING Action: 0, Volume: 5, Cash:    1024.75, TotalVolume:    5, Price:   170.10
Day 26: TESTING Action: 0, Volume: 5, Cash:    1024.75, TotalVolume:    5, Price:   177.59
Day 27: TESTING Action: 0, Volume: 5, Cash:    1024.75, TotalVolume:    5, Price:   177.06
Day 28: TESTING Action: 0, Volume: 5, Cash:    1024.75, TotalVolume:    5, Price:   178.22
Day 29: TESTING Action: 0, Volume: 5, Cash:    1024.75, TotalVolume:    5, Price:   178.88
Day 30: TESTING Action: 0, Volume: 5, Cash:    1024.75, TotalVolume:    5, Price:   180.11
Day 31: TESTING Action: 0, Volume: 5, Cash:    1024.75, TotalVolume:    5, Price:   176.13
Day 32: TESTING Action: 0, Volume: 5, Cash:    1024.75, TotalVolume:    5, Price:   177.04
Day 33: TESTING Action: 0, Volume: 5, Cash:    1024.75, TotalVolume:    5, Price:   175.50
Day 34: TESTING Action: 0, Volume: 5, Cash:    1024.75, TotalVolume:    5, Price:   173.12
Day 35: TESTING Action: 0, Volume: 5, Cash:    1024.75, TotalVolume:    5, Price:   170.80
Day 36: TESTING Action: 0, Volume: 5, Cash:    1024.75, TotalVolume:    5, Price:   172.12
Day 37: TESTING Action: 0, Volume: 5, Cash:    1024.75, TotalVolume:    5, Price:   178.50
Day 38: TESTING Action: 0, Volume: 5, Cash:    1024.75, TotalVolume:    5, Price:   176.25
Day 39: TESTING Action: 0, Volume: 5, Cash:    1024.75, TotalVolume:    5, Price:   173.33
Day 40: TESTING Action: 1, Volume: 5, Cash:    1024.75, TotalVolume:    5, Price:   177.89
Day 41: TESTING Action: 0, Volume: 5, Cash:     135.30, TotalVolume:   10, Price:   171.39
Day 42: TESTING Action: 0, Volume: 5, Cash:     135.30, TotalVolume:   10, Price:   175.40
Day 43: TESTING Action: 0, Volume: 5, Cash:     135.30, TotalVolume:   10, Price:   179.55
Day 44: TESTING Action: 0, Volume: 5, Cash:     135.30, TotalVolume:   10, Price:   184.52
Day 45: TESTING Action: 0, Volume: 5, Cash:     135.30, TotalVolume:   10, Price:   187.00
Day 46: TESTING Action: 1, Volume: 5, Cash:     135.30, TotalVolume:   10, Price:   186.49
Day 47: TESTING Action: 0, Volume: 5, Cash:     135.30, TotalVolume:   10, Price:   184.89
Day 48: TESTING Action: 0, Volume: 5, Cash:     135.30, TotalVolume:   10, Price:   186.88
Day 49: TESTING Action: 0, Volume: 5, Cash:     135.30, TotalVolume:   10, Price:   186.43
Day 50: TESTING Action: 0, Volume: 5, Cash:     135.30, TotalVolume:   10, Price:   189.87
Day 51: TESTING Action: 0, Volume: 5, Cash:     135.30, TotalVolume:   10, Price:   191.60
Day 52: TESTING Action: 0, Volume: 5, Cash:     135.30, TotalVolume:   10, Price:   193.88
Day 53: TESTING Action: 0, Volume: 5, Cash:     135.30, TotalVolume:   10, Price:   193.96
Day 54: TESTING Action: 0, Volume: 5, Cash:     135.30, TotalVolume:   10, Price:   192.53
Day 55: TESTING Action: 0, Volume: 5, Cash:     135.30, TotalVolume:   10, Price:   191.16
Day 56: TESTING Action: 0, Volume: 5, Cash:     135.30, TotalVolume:   10, Price:   187.97
Day 57: TESTING Action: 0, Volume: 5, Cash:     135.30, TotalVolume:   10, Price:   186.33
Day 58: TESTING Action: 0, Volume: 5, Cash:     135.30, TotalVolume:   10, Price:   185.13
Day 59: TESTING Action: 0, Volume: 5, Cash:     135.30, TotalVolume:   10, Price:   184.76
Day 60: TESTING Action: 0, Volume: 5, Cash:     135.30, TotalVolume:   10, Price:   181.96
Day 61: TESTING Action: 0, Volume: 5, Cash:     135.30, TotalVolume:   10, Price:   186.51
Day 62: TESTING Action: 0, Volume: 5, Cash:     135.30, TotalVolume:   10, Price:   180.80
Day 63: TESTING Action: 0, Volume: 5, Cash:     135.30, TotalVolume:   10, Price:   182.72
Day 64: TESTING Action: 0, Volume: 5, Cash:     135.30, TotalVolume:   10, Price:   185.17
Day 65: TESTING Action: 0, Volume: 5, Cash:     135.30, TotalVolume:   10, Price:   186.65
Day 66: TESTING Action: 0, Volume: 5, Cash:     135.30, TotalVolume:   10, Price:   188.82
Day 67: TESTING Action: 0, Volume: 5, Cash:     135.30, TotalVolume:   10, Price:   187.54
Day 68: TESTING Action: 0, Volume: 5, Cash:     135.30, TotalVolume:   10, Price:   187.69
Day 69: TESTING Action: 0, Volume: 5, Cash:     135.30, TotalVolume:   10, Price:   186.89
Day 70: TESTING Action: 0, Volume: 5, Cash:     135.30, TotalVolume:   10, Price:   187.53
Day 71: TESTING Action: 0, Volume: 5, Cash:     135.30, TotalVolume:   10, Price:   188.99
Day 72: TESTING Action: 0, Volume: 5, Cash:     135.30, TotalVolume:   10, Price:   189.07
Day 73: TESTING Action: 0, Volume: 5, Cash:     135.30, TotalVolume:   10, Price:   189.70
Day 74: TESTING Action: 0, Volume: 5, Cash:     135.30, TotalVolume:   10, Price:   184.71
Day 75: TESTING Action: 0, Volume: 5, Cash:     135.30, TotalVolume:   10, Price:   186.38
Day 76: TESTING Action: 0, Volume: 5, Cash:     135.30, TotalVolume:   10, Price:   187.83
Day 77: TESTING Action: 0, Volume: 5, Cash:     135.30, TotalVolume:   10, Price:   188.39
Day 78: TESTING Action: 0, Volume: 5, Cash:     135.30, TotalVolume:   10, Price:   190.83
Day 79: TESTING Action: 0, Volume: 5, Cash:     135.30, TotalVolume:   10, Price:   192.73
Day 80: TESTING Action: 0, Volume: 5, Cash:     135.30, TotalVolume:   10, Price:   186.40
Day 81: TESTING Action: 0, Volume: 5, Cash:     135.30, TotalVolume:   10, Price:   197.93
Day 82: TESTING Action: 0, Volume: 5, Cash:     135.30, TotalVolume:   10, Price:   195.78
Day 83: TESTING Action: 0, Volume: 5, Cash:     135.30, TotalVolume:   10, Price:   199.50
Day 84: TESTING Action: 0, Volume: 5, Cash:     135.30, TotalVolume:   10, Price:   207.09
Day 85: TESTING Action: 0, Volume: 5, Cash:     135.30, TotalVolume:   10, Price:   210.05
Day 86: TESTING Action: 0, Volume: 5, Cash:     135.30, TotalVolume:   10, Price:   208.18
Day 87: TESTING Action: 0, Volume: 5, Cash:     135.30, TotalVolume:   10, Price:   206.84
Day 88: TESTING Action: 0, Volume: 5, Cash:     135.30, TotalVolume:   10, Price:   208.91
Day 89: TESTING Action: 0, Volume: 5, Cash:     135.30, TotalVolume:   10, Price:   214.10
Day 90: TESTING Action: 0, Volume: 5, Cash:     135.30, TotalVolume:   10, Price:   211.48
Day 91: TESTING Action: 0, Volume: 5, Cash:     135.30, TotalVolume:   10, Price:   202.61
Day 92: TESTING Action: 0, Volume: 5, Cash:     135.30, TotalVolume:   10, Price:   201.70
Day 93: TESTING Action: 0, Volume: 5, Cash:     135.30, TotalVolume:   10, Price:   204.61
Day 94: TESTING Action: 0, Volume: 5, Cash:     135.30, TotalVolume:   10, Price:   202.88
Day 95: TESTING Action: 0, Volume: 5, Cash:     135.30, TotalVolume:   10, Price:   198.38
Day 96: TESTING Action: 0, Volume: 5, Cash:     135.30, TotalVolume:   10, Price:   197.12
Day 97: TESTING Action: 0, Volume: 5, Cash:     135.30, TotalVolume:   10, Price:   201.45
Day 98: TESTING Action: 0, Volume: 5, Cash:     135.30, TotalVolume:   10, Price:   207.86
Day 99: TESTING Action: 0, Volume: 5, Cash:     135.30, TotalVolume:   10, Price:   205.74
Day 100: TESTING Action: 0, Volume: 5, Cash:     135.30, TotalVolume:   10, Price:   207.89
Day 101: TESTING Action: 0, Volume: 5, Cash:     135.30, TotalVolume:   10, Price:   210.71
Day 102: TESTING Action: 0, Volume: 5, Cash:     135.30, TotalVolume:   10, Price:   213.44
Day 103: TESTING Action: 0, Volume: 5, Cash:     135.30, TotalVolume:   10, Price:   218.16
Day 104: TESTING Action: 0, Volume: 5, Cash:     135.30, TotalVolume:   10, Price:   220.55
Day 105: TESTING Action: 0, Volume: 5, Cash:     135.30, TotalVolume:   10, Price:   227.03
Day 106: TESTING Action: 0, Volume: 5, Cash:     135.30, TotalVolume:   10, Price:   226.09
Day 107: TESTING Action: 0, Volume: 5, Cash:     135.30, TotalVolume:   10, Price:   225.04
Day 108: TESTING Action: 0, Volume: 5, Cash:     135.30, TotalVolume:   10, Price:   230.26
Day 109: TESTING Action: 0, Volume: 5, Cash:     135.30, TotalVolume:   10, Price:   228.97
Day 110: TESTING Action: 0, Volume: 5, Cash:     135.30, TotalVolume:   10, Price:   227.46
Day 111: TESTING Action: 0, Volume: 5, Cash:     135.30, TotalVolume:   10, Price:   232.93
Day 112: TESTING Action: 0, Volume: 5, Cash:     135.30, TotalVolume:   10, Price:   231.15
Day 113: TESTING Action: 0, Volume: 5, Cash:     135.30, TotalVolume:   10, Price:   220.52
Day 114: TESTING Action: 0, Volume: 5, Cash:     135.30, TotalVolume:   10, Price:   223.29
Day 115: TESTING Action: 0, Volume: 5, Cash:     135.30, TotalVolume:   10, Price:   224.92
Day 116: TESTING Action: 0, Volume: 5, Cash:     135.30, TotalVolume:   10, Price:   225.06
Day 117: TESTING Action: 0, Volume: 5, Cash:     135.30, TotalVolume:   10, Price:   229.05
Day 118: TESTING Action: 0, Volume: 5, Cash:     135.30, TotalVolume:   10, Price:   227.05
Day 119: TESTING Action: 0, Volume: 5, Cash:     135.30, TotalVolume:   10, Price:   223.75
Day 120: TESTING Action: 0, Volume: 5, Cash:     135.30, TotalVolume:   10, Price:   221.30
Day 121: TESTING Action: 0, Volume: 5, Cash:     135.30, TotalVolume:   10, Price:   219.39
Day 122: TESTING Action: 0, Volume: 5, Cash:     135.30, TotalVolume:   10, Price:   220.22
Day 123: TESTING Action: 0, Volume: 5, Cash:     135.30, TotalVolume:   10, Price:   224.19
Day 124: TESTING Action: 0, Volume: 5, Cash:     135.30, TotalVolume:   10, Price:   227.61
Day 125: TESTING Action: 0, Volume: 5, Cash:     135.30, TotalVolume:   10, Price:   222.11
Day 126: TESTING Action: 0, Volume: 5, Cash:     135.30, TotalVolume:   10, Price:   222.13
Day 127: TESTING Action: 0, Volume: 5, Cash:     135.30, TotalVolume:   10, Price:   218.94
Day 128: TESTING Action: 0, Volume: 5, Cash:     135.30, TotalVolume:   10, Price:   218.46
Day 129: TESTING Action: 0, Volume: 5, Cash:     135.30, TotalVolume:   10, Price:   217.76
Day 130: TESTING Action: 0, Volume: 5, Cash:     135.30, TotalVolume:   10, Price:   223.35
Day 131: TESTING Action: 0, Volume: 5, Cash:     135.30, TotalVolume:   10, Price:   220.66
Day 132: TESTING Action: 0, Volume: 5, Cash:     135.30, TotalVolume:   10, Price:   225.94
Day 133: TESTING Action: 0, Volume: 5, Cash:     135.30, TotalVolume:   10, Price:   230.71
Day 134: TESTING Action: 0, Volume: 5, Cash:     135.30, TotalVolume:   10, Price:   235.01
Day 135: TESTING Action: 0, Volume: 5, Cash:     135.30, TotalVolume:   10, Price:   235.42
Day 136: TESTING Action: 0, Volume: 5, Cash:     135.30, TotalVolume:   10, Price:   234.85
Day 137: TESTING Action: 0, Volume: 5, Cash:     135.30, TotalVolume:   10, Price:   235.42
Day 138: TESTING Action: 0, Volume: 5, Cash:     135.30, TotalVolume:   10, Price:   238.15
Day 139: TESTING Action: 0, Volume: 5, Cash:     135.30, TotalVolume:   10, Price:   237.07
Day 140: TESTING Action: 0, Volume: 5, Cash:     135.30, TotalVolume:   10, Price:   234.64
Day 141: TESTING Action: 0, Volume: 5, Cash:     135.30, TotalVolume:   10, Price:   237.68
Day 142: TESTING Action: 0, Volume: 5, Cash:     135.30, TotalVolume:   10, Price:   237.42
Day 143: TESTING Action: 0, Volume: 5, Cash:     135.30, TotalVolume:   10, Price:   242.06
Day 144: TESTING Action: 0, Volume: 5, Cash:     135.30, TotalVolume:   10, Price:   236.17
Day 145: TESTING Action: 0, Volume: 5, Cash:     135.30, TotalVolume:   10, Price:   238.83
Day 146: TESTING Action: 0, Volume: 5, Cash:     135.30, TotalVolume:   10, Price:   229.15
Day 147: TESTING Action: 0, Volume: 5, Cash:     135.30, TotalVolume:   10, Price:   233.14
Day 148: TESTING Action: 0, Volume: 5, Cash:     135.30, TotalVolume:   10, Price:   232.76
Day 149: TESTING Action: 0, Volume: 5, Cash:     135.30, TotalVolume:   10, Price:   228.93
Day 150: TESTING Action: 0, Volume: 5, Cash:     135.30, TotalVolume:   10, Price:   230.37
Day 151: TESTING Action: 0, Volume: 5, Cash:     135.30, TotalVolume:   10, Price:   228.68
Day 152: TESTING Action: 0, Volume: 5, Cash:     135.30, TotalVolume:   10, Price:   226.65
Day 153: TESTING Action: 0, Volume: 5, Cash:     135.30, TotalVolume:   10, Price:   226.63
Day 154: TESTING Action: 0, Volume: 5, Cash:     135.30, TotalVolume:   10, Price:   222.88
Day 155: TESTING Action: 0, Volume: 5, Cash:     135.30, TotalVolume:   10, Price:   216.58
Day 156: TESTING Action: 0, Volume: 5, Cash:     135.30, TotalVolume:   10, Price:   212.71
Day 157: TESTING Action: 0, Volume: 5, Cash:     135.30, TotalVolume:   10, Price:   212.80
Day 158: TESTING Action: 0, Volume: 5, Cash:     135.30, TotalVolume:   10, Price:   214.35
Day 159: TESTING Action: 0, Volume: 5, Cash:     135.30, TotalVolume:   10, Price:   208.74
Day 160: TESTING Action: 0, Volume: 5, Cash:     135.30, TotalVolume:   10, Price:   212.28
Day 161: TESTING Action: 0, Volume: 5, Cash:     135.30, TotalVolume:   10, Price:   205.02
Day 162: TESTING Action: 0, Volume: 5, Cash:     135.30, TotalVolume:   10, Price:   203.80
Day 163: TESTING Action: 0, Volume: 5, Cash:     135.30, TotalVolume:   10, Price:   208.36
Day 164: TESTING Action: 0, Volume: 5, Cash:     135.30, TotalVolume:   10, Price:   200.70
Day 165: TESTING Action: 0, Volume: 5, Cash:     135.30, TotalVolume:   10, Price:   199.25
Day 166: TESTING Action: 0, Volume: 5, Cash:     135.30, TotalVolume:   10, Price:   194.54
Day 167: TESTING Action: 0, Volume: 5, Cash:     135.30, TotalVolume:   10, Price:   196.59
Day 168: TESTING Action: 0, Volume: 5, Cash:     135.30, TotalVolume:   10, Price:   198.89
Day 169: TESTING Action: 0, Volume: 5, Cash:     135.30, TotalVolume:   10, Price:   193.89
Day 170: TESTING Action: 0, Volume: 5, Cash:     135.30, TotalVolume:   10, Price:   197.95
Day 171: TESTING Action: 0, Volume: 5, Cash:     135.30, TotalVolume:   10, Price:   195.74
Day 172: TESTING Action: 0, Volume: 5, Cash:     135.30, TotalVolume:   10, Price:   192.82
Day 173: TESTING Action: 0, Volume: 5, Cash:     135.30, TotalVolume:   10, Price:   195.54
Day 174: TESTING Action: 0, Volume: 5, Cash:     135.30, TotalVolume:   10, Price:   194.95
Day 175: TESTING Action: 0, Volume: 5, Cash:     135.30, TotalVolume:   10, Price:   196.21
Day 176: TESTING Action: 0, Volume: 5, Cash:     135.30, TotalVolume:   10, Price:   203.26
Day 177: TESTING Action: 0, Volume: 5, Cash:     135.30, TotalVolume:   10, Price:   205.71
Day 178: TESTING Action: 0, Volume: 5, Cash:     135.30, TotalVolume:   10, Price:   201.13
Day 179: TESTING Action: 0, Volume: 5, Cash:     135.30, TotalVolume:   10, Price:   201.36
Day 180: TESTING Action: 0, Volume: 5, Cash:     135.30, TotalVolume:   10, Price:   192.72
Day 181: TESTING Action: 0, Volume: 5, Cash:     135.30, TotalVolume:   10, Price:   190.26
Day 182: TESTING Action: 0, Volume: 5, Cash:     135.30, TotalVolume:   10, Price:   192.17
Day 183: TESTING Action: 0, Volume: 5, Cash:     135.30, TotalVolume:   10, Price:   196.01
Day 184: TESTING Action: 0, Volume: 5, Cash:     135.30, TotalVolume:   10, Price:   178.41
Day 185: TESTING Action: 0, Volume: 5, Cash:     135.30, TotalVolume:   10, Price:   171.00
Day 186: TESTING Action: 0, Volume: 5, Cash:     135.30, TotalVolume:   10, Price:   175.26
Day 187: TESTING Action: 0, Volume: 5, Cash:     135.30, TotalVolume:   10, Price:   170.66
Day 188: TESTING Action: 0, Volume: 5, Cash:     135.30, TotalVolume:   10, Price:   191.10
Day 189: TESTING Action: 0, Volume: 5, Cash:     135.30, TotalVolume:   10, Price:   181.22
Day 190: TESTING Action: 0, Volume: 5, Cash:     135.30, TotalVolume:   10, Price:   184.87
Day 191: TESTING Action: 0, Volume: 5, Cash:     135.30, TotalVolume:   10, Price:   182.12
Day 192: TESTING Action: 0, Volume: 5, Cash:     135.30, TotalVolume:   10, Price:   179.59
Day 193: TESTING Action: 0, Volume: 5, Cash:     135.30, TotalVolume:   10, Price:   174.33
Day 194: TESTING Action: 0, Volume: 5, Cash:     135.30, TotalVolume:   10, Price:   172.61
Day 195: TESTING Action: 0, Volume: 5, Cash:     135.30, TotalVolume:   10, Price:   167.32
Day 196: TESTING Action: 0, Volume: 5, Cash:     135.30, TotalVolume:   10, Price:   173.18
Day 197: TESTING Action: 0, Volume: 5, Cash:     135.30, TotalVolume:   10, Price:   180.60
Day 198: TESTING Action: 0, Volume: 5, Cash:     135.30, TotalVolume:   10, Price:   186.54
Day 199: TESTING Action: 0, Volume: 5, Cash:     135.30, TotalVolume:   10, Price:   188.99
Day 200: TESTING Action: 0, Volume: 5, Cash:     135.30, TotalVolume:   10, Price:   187.70
Day 201: TESTING Action: 0, Volume: 5, Cash:     135.30, TotalVolume:   10, Price:   187.39
Day 202: TESTING Action: 0, Volume: 5, Cash:     135.30, TotalVolume:   10, Price:   184.42
Day 203: TESTING Action: 0, Volume: 5, Cash:     135.30, TotalVolume:   10, Price:   190.20
Day 204: TESTING Action: 0, Volume: 5, Cash:     135.30, TotalVolume:   10, Price:   189.98
Day 205: TESTING Action: 0, Volume: 5, Cash:     135.30, TotalVolume:   10, Price:   186.35
Day 206: TESTING Action: 0, Volume: 5, Cash:     135.30, TotalVolume:   10, Price:   185.01
Day 207: TESTING Action: 0, Volume: 5, Cash:     135.30, TotalVolume:   10, Price:   188.71
Day 208: TESTING Action: 0, Volume: 5, Cash:     135.30, TotalVolume:   10, Price:   192.08
Day 209: TESTING Action: 0, Volume: 5, Cash:     135.30, TotalVolume:   10, Price:   193.06
Day 210: TESTING Action: 1, Volume: 5, Cash:     135.30, TotalVolume:   10, Price:   208.64
Day 211: TESTING Action: 1, Volume: 5, Cash:     135.30, TotalVolume:   10, Price:   211.37
Day 212: TESTING Action: 1, Volume: 5, Cash:     135.30, TotalVolume:   10, Price:   210.25
Day 213: TESTING Action: 1, Volume: 5, Cash:     135.30, TotalVolume:   10, Price:   205.17
Day 214: TESTING Action: 0, Volume: 5, Cash:     135.30, TotalVolume:   10, Price:   205.59
Day 215: TESTING Action: 0, Volume: 5, Cash:     135.30, TotalVolume:   10, Price:   206.16
Day 216: TESTING Action: 1, Volume: 5, Cash:     135.30, TotalVolume:   10, Price:   204.07
Day 217: TESTING Action: 1, Volume: 5, Cash:     135.30, TotalVolume:   10, Price:   201.12
Day 218: TESTING Action: 1, Volume: 5, Cash:     135.30, TotalVolume:   10, Price:   203.10
Day 219: TESTING Action: 1, Volume: 5, Cash:     135.30, TotalVolume:   10, Price:   200.99
Day 220: TESTING Action: 1, Volume: 5, Cash:     135.30, TotalVolume:   10, Price:   206.02
Day 221: TESTING Action: 0, Volume: 5, Cash:     135.30, TotalVolume:   10, Price:   204.72
Day 222: TESTING Action: 0, Volume: 5, Cash:     135.30, TotalVolume:   10, Price:   205.70
Day 223: TESTING Action: 0, Volume: 5, Cash:     135.30, TotalVolume:   10, Price:   205.01
Day 224: TESTING Action: 0, Volume: 5, Cash:     135.30, TotalVolume:   10, Price:   206.65
Day 225: TESTING Action: 0, Volume: 5, Cash:     135.30, TotalVolume:   10, Price:   205.71
Day 226: TESTING Action: 0, Volume: 5, Cash:     135.30, TotalVolume:   10, Price:   207.23
Day 227: TESTING Action: 0, Volume: 5, Cash:     135.30, TotalVolume:   10, Price:   207.91
Day 228: TESTING Action: 0, Volume: 5, Cash:     135.30, TotalVolume:   10, Price:   213.57
Day 229: TESTING Action: 1, Volume: 5, Cash:     135.30, TotalVolume:   10, Price:   216.98
Day 230: TESTING Action: 0, Volume: 5, Cash:     135.30, TotalVolume:   10, Price:   217.61
Day 231: TESTING Action: 0, Volume: 5, Cash:     135.30, TotalVolume:   10, Price:   213.20
Day 232: TESTING Action: 0, Volume: 5, Cash:     135.30, TotalVolume:   10, Price:   213.24
Day 233: TESTING Action: 0, Volume: 5, Cash:     135.30, TotalVolume:   10, Price:   212.10
Day 234: TESTING Action: 0, Volume: 5, Cash:     135.30, TotalVolume:   10, Price:   216.10
Day 235: TESTING Action: 0, Volume: 5, Cash:     135.30, TotalVolume:   10, Price:   214.82
Day 236: TESTING Action: 0, Volume: 5, Cash:     135.30, TotalVolume:   10, Price:   212.52
Day 237: TESTING Action: 0, Volume: 5, Cash:     135.30, TotalVolume:   10, Price:   209.69
Day 238: TESTING Action: 0, Volume: 5, Cash:     135.30, TotalVolume:   10, Price:   208.47
Day 239: TESTING Action: 0, Volume: 5, Cash:     135.30, TotalVolume:   10, Price:   212.77
Day 240: TESTING Action: 0, Volume: 5, Cash:     135.30, TotalVolume:   10, Price:   211.99
Day 241: TESTING Action: 0, Volume: 5, Cash:     135.30, TotalVolume:   10, Price:   217.12
Day 242: TESTING Action: 0, Volume: 5, Cash:     135.30, TotalVolume:   10, Price:   223.30
Day 243: TESTING Action: 0, Volume: 5, Cash:     135.30, TotalVolume:   10, Price:   219.39
Day 244: TESTING Action: 0, Volume: 5, Cash:     135.30, TotalVolume:   10, Price:   220.46
Day 245: TESTING Action: 0, Volume: 5, Cash:     135.30, TotalVolume:   10, Price:   219.92
Day 246: TESTING Action: 0, Volume: 5, Cash:     135.30, TotalVolume:   10, Price:   223.41
Day 247: TESTING Action: 0, Volume: 5, Cash:     135.30, TotalVolume:   10, Price:   223.47
Day 248: TESTING Action: 0, Volume: 5, Cash:     135.30, TotalVolume:   10, Price:   219.36
Day 249: TESTING Action: 0, Volume: 5, Cash:     135.30, TotalVolume:   10, Price:   222.54
Day 250: TESTING Action: 0, Volume: 5, Cash:     135.30, TotalVolume:   10, Price:   222.26
Day 251: TESTING Action: 0, Volume: 5, Cash:     135.30, TotalVolume:   10, Price:   225.02
Day 252: TESTING Action: 0, Volume: 5, Cash:     135.30, TotalVolume:   10, Price:   225.69
Day 253: TESTING Action: 0, Volume: 5, Cash:     135.30, TotalVolume:   10, Price:   226.35
Day 254: TESTING Action: 0, Volume: 5, Cash:     135.30, TotalVolume:   10, Price:   223.19
Day 255: TESTING Action: 0, Volume: 5, Cash:     135.30, TotalVolume:   10, Price:   223.88
Day 256: TESTING Action: 0, Volume: 5, Cash:     135.30, TotalVolume:   10, Price:   226.13
Day 257: TESTING Action: 0, Volume: 5, Cash:     135.30, TotalVolume:   10, Price:   229.30
Day 258: TESTING Action: 0, Volume: 5, Cash:     135.30, TotalVolume:   10, Price:   227.47
Day 259: TESTING Action: 0, Volume: 5, Cash:     135.30, TotalVolume:   10, Price:   228.29
Day 260: TESTING Action: 0, Volume: 5, Cash:     135.30, TotalVolume:   10, Price:   232.23
Day 261: TESTING Action: 0, Volume: 5, Cash:     135.30, TotalVolume:   10, Price:   231.44
Day 262: TESTING Action: 0, Volume: 5, Cash:     135.30, TotalVolume:   10, Price:   232.79
Day 263: TESTING Action: 0, Volume: 5, Cash:     135.30, TotalVolume:   10, Price:   231.01
Day 264: TESTING Action: 0, Volume: 5, Cash:     135.30, TotalVolume:   10, Price:   230.19
Day 265: TESTING Action: 0, Volume: 5, Cash:     135.30, TotalVolume:   10, Price:   234.11
Day 266: TESTING Action: 0, Volume: 5, Cash:     135.30, TotalVolume:   10, Price:   214.75
Day 267: TESTING Action: 0, Volume: 5, Cash:     135.30, TotalVolume:   10, Price:   211.65
Day 268: TESTING Action: 0, Volume: 5, Cash:     135.30, TotalVolume:   10, Price:   213.75
Day 269: TESTING Action: 0, Volume: 5, Cash:     135.30, TotalVolume:   10, Price:   222.31
Day 270: TESTING Action: 0, Volume: 5, Cash:     135.30, TotalVolume:   10, Price:   223.13
Day 271: TESTING Action: 0, Volume: 5, Cash:     135.30, TotalVolume:   10, Price:   222.69
Day 272: TESTING Action: 0, Volume: 5, Cash:     135.30, TotalVolume:   10, Price:   221.30
Day 273: TESTING Action: 0, Volume: 5, Cash:     135.30, TotalVolume:   10, Price:   221.47
Day 274: TESTING Action: 0, Volume: 5, Cash:     135.30, TotalVolume:   10, Price:   224.56
Day 275: TESTING Action: 0, Volume: 5, Cash:     135.30, TotalVolume:   10, Price:   230.98
Day 276: TESTING Action: 0, Volume: 5, Cash:     135.30, TotalVolume:   10, Price:   231.03
Day 277: TESTING Action: 0, Volume: 5, Cash:     135.30, TotalVolume:   10, Price:   231.49
Day 278: TESTING Action: 0, Volume: 5, Cash:     135.30, TotalVolume:   10, Price:   228.01
Day 279: TESTING Action: 0, Volume: 5, Cash:     135.30, TotalVolume:   10, Price:   223.81
Day 280: TESTING Action: 0, Volume: 5, Cash:     135.30, TotalVolume:   10, Price:   221.95
Day 281: TESTING Action: 0, Volume: 5, Cash:     135.30, TotalVolume:   10, Price:   228.84
Day 282: TESTING Action: 0, Volume: 5, Cash:     135.30, TotalVolume:   10, Price:   227.94
Day 283: TESTING Action: 0, Volume: 5, Cash:     135.30, TotalVolume:   10, Price:   228.71
Day 284: TESTING Action: 0, Volume: 5, Cash:     135.30, TotalVolume:   10, Price:   229.12
Day 285: TESTING Action: 0, Volume: 5, Cash:     135.30, TotalVolume:   10, Price:   231.60
Day 286: TESTING Action: 0, Volume: 5, Cash:     135.30, TotalVolume:   10, Price:   229.00
Day 287: TESTING Action: 0, Volume: 5, Cash:     135.30, TotalVolume:   10, Price:   225.34
Day 288: TESTING Action: 0, Volume: 5, Cash:     135.30, TotalVolume:   10, Price:   225.99
Day 289: TESTING Action: 0, Volume: 5, Cash:     135.30, TotalVolume:   10, Price:   235.68
Day 290: TESTING Action: 0, Volume: 5, Cash:     135.30, TotalVolume:   10, Price:   232.33
Day 291: TESTING Action: 0, Volume: 5, Cash:     135.30, TotalVolume:   10, Price:   235.84
Day 292: TESTING Action: 0, Volume: 5, Cash:     135.30, TotalVolume:   10, Price:   238.24
Day 293: TESTING Action: 0, Volume: 5, Cash:     135.30, TotalVolume:   10, Price:   230.33
Day 294: TESTING Action: 0, Volume: 5, Cash:     135.30, TotalVolume:   10, Price:   229.95
Day 295: TESTING Action: 0, Volume: 5, Cash:     135.30, TotalVolume:   10, Price:   228.15
Day 296: TESTING Action: 0, Volume: 5, Cash:     135.30, TotalVolume:   10, Price:   231.43
Day 297: TESTING Action: 0, Volume: 5, Cash:     135.30, TotalVolume:   10, Price:   234.05
Day 298: TESTING Action: 0, Volume: 5, Cash:     135.30, TotalVolume:   10, Price:   231.62
Day 299: TESTING Action: 0, Volume: 5, Cash:     135.30, TotalVolume:   10, Price:   231.23
Day 300: TESTING Action: 0, Volume: 5, Cash:     135.30, TotalVolume:   10, Price:   231.48
Day 301: TESTING Action: 0, Volume: 5, Cash:     135.30, TotalVolume:   10, Price:   227.63
Day 302: TESTING Action: 0, Volume: 5, Cash:     135.30, TotalVolume:   10, Price:   220.71
Day 303: TESTING Action: 0, Volume: 5, Cash:     135.30, TotalVolume:   10, Price:   220.21
Day 304: TESTING Action: 0, Volume: 5, Cash:     135.30, TotalVolume:   10, Price:   218.15
Day 305: TESTING Action: 0, Volume: 5, Cash:     135.30, TotalVolume:   10, Price:   219.78
Day 306: TESTING Action: 0, Volume: 5, Cash:     135.30, TotalVolume:   10, Price:   222.17
Day 307: TESTING Action: 0, Volume: 5, Cash:     135.30, TotalVolume:   10, Price:   219.57
Day 308: TESTING Action: 0, Volume: 5, Cash:     135.30, TotalVolume:   10, Price:   220.63
Day 309: TESTING Action: 0, Volume: 5, Cash:     135.30, TotalVolume:   10, Price:   222.41
Day 310: TESTING Action: 0, Volume: 5, Cash:     135.30, TotalVolume:   10, Price:   219.51
Day 311: TESTING Action: 0, Volume: 5, Cash:     135.30, TotalVolume:   10, Price:   220.90
Day 312: TESTING Action: 0, Volume: 5, Cash:     135.30, TotalVolume:   10, Price:   221.78
Day 313: TESTING Action: 0, Volume: 5, Cash:     135.30, TotalVolume:   10, Price:   225.22
Day 314: TESTING Action: 0, Volume: 5, Cash:     135.30, TotalVolume:   10, Price:   227.74
Day 315: TESTING Action: 0, Volume: 5, Cash:     135.30, TotalVolume:   10, Price:   216.37
Day 316: TESTING Action: 0, Volume: 5, Cash:     135.30, TotalVolume:   10, Price:   220.07
Day 317: TESTING Action: 0, Volume: 5, Cash:     135.30, TotalVolume:   10, Price:   216.39
Day 318: TESTING Action: 0, Volume: 5, Cash:     135.30, TotalVolume:   10, Price:   215.57
Day 319: TESTING Action: 0, Volume: 5, Cash:     135.30, TotalVolume:   10, Price:   214.47
Day 320: TESTING Action: 0, Volume: 5, Cash:     135.30, TotalVolume:   10, Price:   213.04
Day 321: TESTING Action: 0, Volume: 5, Cash:     135.30, TotalVolume:   10, Price:   216.48
Day 322: TESTING Action: 0, Volume: 5, Cash:     135.30, TotalVolume:   10, Price:   222.03
Day 323: TESTING Action: 0, Volume: 5, Cash:     135.30, TotalVolume:   10, Price:   217.95
Day 324: TESTING Action: 0, Volume: 5, Cash:     135.30, TotalVolume:   10, Price:   221.09
Day 325: TESTING Action: 0, Volume: 5, Cash:     135.30, TotalVolume:   10, Price:   224.21
Day 326: TESTING Action: 0, Volume: 5, Cash:     135.30, TotalVolume:   10, Price:   226.97
Day 327: TESTING Action: 0, Volume: 5, Cash:     135.30, TotalVolume:   10, Price:   229.25
Day 328: TESTING Action: 0, Volume: 5, Cash:     135.30, TotalVolume:   10, Price:   230.30
Day 329: TESTING Action: 0, Volume: 5, Cash:     135.30, TotalVolume:   10, Price:   222.86
Day 330: TESTING Action: 0, Volume: 5, Cash:     135.30, TotalVolume:   10, Price:   244.22
Day 331: TESTING Action: 0, Volume: 5, Cash:     135.30, TotalVolume:   10, Price:   254.00
Day 332: TESTING Action: 0, Volume: 5, Cash:     135.30, TotalVolume:   10, Price:   249.32
Day 333: TESTING Action: 0, Volume: 5, Cash:     135.30, TotalVolume:   10, Price:   250.20
Day 334: TESTING Action: 0, Volume: 5, Cash:     135.30, TotalVolume:   10, Price:   243.04
Day 335: TESTING Action: 0, Volume: 5, Cash:     135.30, TotalVolume:   10, Price:   244.41
Day 336: TESTING Action: 0, Volume: 5, Cash:     135.30, TotalVolume:   10, Price:   248.40
Day 337: TESTING Action: 0, Volume: 5, Cash:     135.30, TotalVolume:   10, Price:   249.10
Day 338: TESTING Action: 0, Volume: 5, Cash:     135.30, TotalVolume:   10, Price:   244.20
Day 339: TESTING Action: 0, Volume: 5, Cash:     135.30, TotalVolume:   10, Price:   237.58
Day 340: TESTING Action: 0, Volume: 5, Cash:     135.30, TotalVolume:   10, Price:   234.69
Day 341: TESTING Action: 0, Volume: 5, Cash:     135.30, TotalVolume:   10, Price:   232.87
Day 342: TESTING Action: 0, Volume: 5, Cash:     135.30, TotalVolume:   10, Price:   222.55
Day 343: TESTING Action: 0, Volume: 5, Cash:     135.30, TotalVolume:   10, Price:   222.69
Day 344: TESTING Action: 0, Volume: 5, Cash:     135.30, TotalVolume:   10, Price:   217.14
Day 345: TESTING Action: 0, Volume: 5, Cash:     135.30, TotalVolume:   10, Price:   220.69
Day 346: TESTING Action: 0, Volume: 5, Cash:     135.30, TotalVolume:   10, Price:   226.28
Day 347: TESTING Action: 0, Volume: 5, Cash:     135.30, TotalVolume:   10, Price:   229.67
Day 348: TESTING Action: 0, Volume: 5, Cash:     135.30, TotalVolume:   10, Price:   229.16
Day 349: TESTING Action: 0, Volume: 5, Cash:     135.30, TotalVolume:   10, Price:   233.22
Day 350: TESTING Action: 0, Volume: 5, Cash:     135.30, TotalVolume:   10, Price:   233.88
Day 351: TESTING Action: 0, Volume: 5, Cash:     135.30, TotalVolume:   10, Price:   234.42
Day 352: TESTING Action: 0, Volume: 5, Cash:     135.30, TotalVolume:   10, Price:   232.38
Day 353: TESTING Action: 0, Volume: 5, Cash:     135.30, TotalVolume:   10, Price:   229.11
Day 354: TESTING Action: 0, Volume: 5, Cash:     135.30, TotalVolume:   10, Price:   229.53
Day 355: TESTING Action: 0, Volume: 5, Cash:     135.30, TotalVolume:   10, Price:   226.89
Day 356: TESTING Action: 0, Volume: 5, Cash:     135.30, TotalVolume:   10, Price:   227.92
Day 357: TESTING Action: 0, Volume: 5, Cash:     135.30, TotalVolume:   10, Price:   231.78
Day 358: TESTING Action: 0, Volume: 5, Cash:     135.30, TotalVolume:   10, Price:   230.28
Day 359: TESTING Action: 0, Volume: 5, Cash:     135.30, TotalVolume:   10, Price:   226.19
Day 360: TESTING Action: 0, Volume: 5, Cash:     135.30, TotalVolume:   10, Price:   222.54
Day 361: TESTING Action: 0, Volume: 5, Cash:     135.30, TotalVolume:   10, Price:   222.56
Day 362: TESTING Action: 0, Volume: 5, Cash:     135.30, TotalVolume:   10, Price:   221.27
Day 363: TESTING Action: 0, Volume: 5, Cash:     135.30, TotalVolume:   10, Price:   226.76
Day 364: TESTING Action: 0, Volume: 5, Cash:     135.30, TotalVolume:   10, Price:   227.35
Day 365: TESTING Action: 0, Volume: 5, Cash:     135.30, TotalVolume:   10, Price:   228.43
Day 366: TESTING Action: 0, Volume: 5, Cash:     135.30, TotalVolume:   10, Price:   232.14
Day 367: TESTING Action: 0, Volume: 5, Cash:     135.30, TotalVolume:   10, Price:   232.38
Day 368: TESTING Action: 0, Volume: 5, Cash:     135.30, TotalVolume:   10, Price:   232.52
Day 369: TESTING Action: 0, Volume: 5, Cash:     135.30, TotalVolume:   10, Price:   232.07
Day 370: TESTING Action: 0, Volume: 5, Cash:     135.30, TotalVolume:   10, Price:   232.53
Day 371: TESTING Action: 0, Volume: 5, Cash:     135.30, TotalVolume:   10, Price:   230.82
Day 372: TESTING Action: 0, Volume: 5, Cash:     135.30, TotalVolume:   10, Price:   226.50
Day 373: TESTING Action: 0, Volume: 5, Cash:     135.30, TotalVolume:   10, Price:   233.06
Day 374: TESTING Action: 0, Volume: 5, Cash:     135.30, TotalVolume:   10, Price:   240.93
Day 375: TESTING Action: 0, Volume: 5, Cash:     135.30, TotalVolume:   10, Price:   241.56
Day 376: TESTING Action: 0, Volume: 5, Cash:     135.30, TotalVolume:   10, Price:   246.29
Day 377: TESTING Action: 0, Volume: 5, Cash:     135.30, TotalVolume:   10, Price:   247.38
Day 378: TESTING Action: 0, Volume: 5, Cash:     135.30, TotalVolume:   10, Price:   246.47
Day 379: TESTING Action: 0, Volume: 5, Cash:     135.30, TotalVolume:   10, Price:   242.60
Day 380: TESTING Action: 0, Volume: 5, Cash:     135.30, TotalVolume:   10, Price:   236.65
Day 381: TESTING Action: 0, Volume: 5, Cash:     135.30, TotalVolume:   10, Price:   238.18
Day 382: TESTING Action: 0, Volume: 5, Cash:     135.30, TotalVolume:   10, Price:   239.12
Day 383: TESTING Action: 0, Volume: 5, Cash:     135.30, TotalVolume:   10, Price:   231.00
Day 384: TESTING Action: 0, Volume: 5, Cash:     135.30, TotalVolume:   10, Price:   231.31
Day 385: TESTING Action: 0, Volume: 5, Cash:     135.30, TotalVolume:   10, Price:   234.34
Day 386: TESTING Action: 0, Volume: 5, Cash:     135.30, TotalVolume:   10, Price:   239.16
Day 387: TESTING Action: 0, Volume: 5, Cash:     135.30, TotalVolume:   10, Price:   238.42
Day 388: TESTING Action: 0, Volume: 5, Cash:     135.30, TotalVolume:   10, Price:   244.68
Day 389: TESTING Action: 0, Volume: 5, Cash:     135.30, TotalVolume:   10, Price:   243.01
Day 390: TESTING Action: 0, Volume: 5, Cash:     135.30, TotalVolume:   10, Price:   241.73
Day 391: TESTING Action: 0, Volume: 5, Cash:     135.30, TotalVolume:   10, Price:   239.30
Day 392: TESTING Action: 0, Volume: 5, Cash:     135.30, TotalVolume:   10, Price:   242.96
Day 393: TESTING Action: 0, Volume: 5, Cash:     135.30, TotalVolume:   10, Price:   238.62
Day 394: TESTING Action: 0, Volume: 5, Cash:     135.30, TotalVolume:   10, Price:   232.99
Day 395: TESTING Action: 0, Volume: 5, Cash:     135.30, TotalVolume:   10, Price:   222.69
Day 396: TESTING Action: 0, Volume: 5, Cash:     135.30, TotalVolume:   10, Price:   210.32
Day 397: TESTING Action: 0, Volume: 5, Cash:     135.30, TotalVolume:   10, Price:   208.72
Day 398: TESTING Action: 0, Volume: 5, Cash:     135.30, TotalVolume:   10, Price:   206.96
Day 399: TESTING Action: 0, Volume: 5, Cash:     135.30, TotalVolume:   10, Price:   204.08
Day 400: TESTING Action: 0, Volume: 5, Cash:     135.30, TotalVolume:   10, Price:   199.60
Day 401: TESTING Action: 0, Volume: 5, Cash:     135.30, TotalVolume:   10, Price:   198.79
Day 402: TESTING Action: 0, Volume: 5, Cash:     135.30, TotalVolume:   10, Price:   201.15
Day 403: TESTING Action: 0, Volume: 5, Cash:     135.30, TotalVolume:   10, Price:   204.79
Day 404: TESTING Action: 0, Volume: 5, Cash:     135.30, TotalVolume:   10, Price:   204.86
Day 405: TESTING Action: 0, Volume: 5, Cash:     135.30, TotalVolume:   10, Price:   210.11
Day 406: TESTING Action: 0, Volume: 5, Cash:     135.30, TotalVolume:   10, Price:   205.27
Day 407: TESTING Action: 0, Volume: 5, Cash:     135.30, TotalVolume:   10, Price:   208.56
Day 408: TESTING Action: 0, Volume: 5, Cash:     135.30, TotalVolume:   10, Price:   210.64
Day 409: TESTING Action: 0, Volume: 5, Cash:     135.30, TotalVolume:   10, Price:   207.92
Day 410: TESTING Action: 0, Volume: 5, Cash:     135.30, TotalVolume:   10, Price:   210.00
Day 411: TESTING Action: 0, Volume: 5, Cash:     135.30, TotalVolume:   10, Price:   208.39
Day 412: TESTING Action: 0, Volume: 5, Cash:     135.30, TotalVolume:   10, Price:   208.73
Day 413: TESTING Action: 0, Volume: 5, Cash:     135.30, TotalVolume:   10, Price:   216.82
Day 414: TESTING Action: 0, Volume: 5, Cash:     135.30, TotalVolume:   10, Price:   218.94
Day 415: TESTING Action: 0, Volume: 5, Cash:     135.30, TotalVolume:   10, Price:   213.21
Day 416: TESTING Action: 0, Volume: 5, Cash:     135.30, TotalVolume:   10, Price:   213.49
Day 417: TESTING Action: 0, Volume: 5, Cash:     135.30, TotalVolume:   10, Price:   214.33
Day 418: TESTING Action: 0, Volume: 5, Cash:     135.30, TotalVolume:   10, Price:   212.65
Day 419: TESTING Action: 0, Volume: 5, Cash:     135.30, TotalVolume:   10, Price:   209.53
Day 420: TESTING Action: 0, Volume: 5, Cash:     135.30, TotalVolume:   10, Price:   207.67
Day 421: TESTING Action: 1, Volume: 5, Cash:     135.30, TotalVolume:   10, Price:   211.74
Day 422: TESTING Action: 1, Volume: 5, Cash:     135.30, TotalVolume:   10, Price:   215.20
Day 423: TESTING Action: 1, Volume: 5, Cash:     135.30, TotalVolume:   10, Price:   209.87
Day 424: TESTING Action: 1, Volume: 5, Cash:     135.30, TotalVolume:   10, Price:   208.76
Day 425: TESTING Action: 0, Volume: 5, Cash:     135.30, TotalVolume:   10, Price:   205.37
Day 426: TESTING Action: 0, Volume: 5, Cash:     135.30, TotalVolume:   10, Price:   210.14
Day 427: TESTING Action: 1, Volume: 5, Cash:     135.30, TotalVolume:   10, Price:   207.24
Day 428: TESTING Action: 0, Volume: 5, Cash:     135.30, TotalVolume:   10, Price:   211.71
Day 429: TESTING Action: 0, Volume: 5, Cash:     135.30, TotalVolume:   10, Price:   207.54
Day 430: TESTING Action: 0, Volume: 5, Cash:     135.30, TotalVolume:   10, Price:   199.34
Day 431: TESTING Action: 0, Volume: 5, Cash:     135.30, TotalVolume:   10, Price:   200.95
Day 432: TESTING Action: 0, Volume: 5, Cash:     135.30, TotalVolume:   10, Price:   208.27
Day 433: TESTING Action: 0, Volume: 5, Cash:     135.30, TotalVolume:   10, Price:   210.57
2241.0000610351562 2155.2000427246094
Day 1: TESTING Action: 0, Volume: 5, Cash:    2000.00, TotalVolume:    0, Price:   509.75
Day 2: TESTING Action: 0, Volume: 5, Cash:    2000.00, TotalVolume:    0, Price:   496.00
Day 3: TESTING Action: 0, Volume: 5, Cash:    2000.00, TotalVolume:    0, Price:   493.31
Day 4: TESTING Action: 0, Volume: 5, Cash:    2000.00, TotalVolume:    0, Price:   486.97
Day 5: TESTING Action: 0, Volume: 5, Cash:    2000.00, TotalVolume:    0, Price:   459.33
Day 6: TESTING Action: 0, Volume: 5, Cash:    2000.00, TotalVolume:    0, Price:   473.12
Day 7: TESTING Action: 0, Volume: 5, Cash:    2000.00, TotalVolume:    0, Price:   474.05
Day 8: TESTING Action: 0, Volume: 5, Cash:    2000.00, TotalVolume:    0, Price:   484.60
Day 9: TESTING Action: 0, Volume: 5, Cash:    2000.00, TotalVolume:    0, Price:   485.88
Day 10: TESTING Action: 0, Volume: 5, Cash:    2000.00, TotalVolume:    0, Price:   458.62
Day 11: TESTING Action: 0, Volume: 5, Cash:    2000.00, TotalVolume:    0, Price:   450.80
Day 12: TESTING Action: 0, Volume: 5, Cash:    2000.00, TotalVolume:    0, Price:   463.02
Day 13: TESTING Action: 0, Volume: 5, Cash:    2000.00, TotalVolume:    0, Price:   463.03
Day 14: TESTING Action: 0, Volume: 5, Cash:    2000.00, TotalVolume:    0, Price:   460.53
Day 15: TESTING Action: 0, Volume: 5, Cash:    2000.00, TotalVolume:    0, Price:   472.10
Day 16: TESTING Action: 0, Volume: 5, Cash:    2000.00, TotalVolume:    0, Price:   494.88
Day 17: TESTING Action: 0, Volume: 5, Cash:    2000.00, TotalVolume:    0, Price:   485.33
Day 18: TESTING Action: 0, Volume: 5, Cash:    2000.00, TotalVolume:    0, Price:   473.00
Day 19: TESTING Action: 0, Volume: 5, Cash:    2000.00, TotalVolume:    0, Price:   491.25
Day 20: TESTING Action: 0, Volume: 5, Cash:    2000.00, TotalVolume:    0, Price:   486.11
Day 21: TESTING Action: 0, Volume: 5, Cash:    2000.00, TotalVolume:    0, Price:   506.70
Day 22: TESTING Action: 0, Volume: 5, Cash:    2000.00, TotalVolume:    0, Price:   514.79
Day 23: TESTING Action: 0, Volume: 5, Cash:    2000.00, TotalVolume:    0, Price:   512.98
Day 24: TESTING Action: 0, Volume: 5, Cash:    2000.00, TotalVolume:    0, Price:   525.50
Day 25: TESTING Action: 0, Volume: 5, Cash:    2000.00, TotalVolume:    0, Price:   523.73
Day 26: TESTING Action: 1, Volume: 5, Cash:    2000.00, TotalVolume:    0, Price:   534.24
Day 27: TESTING Action: 0, Volume: 5, Cash:     397.27, TotalVolume:    3, Price:   524.39
Day 28: TESTING Action: 0, Volume: 5, Cash:     397.27, TotalVolume:    3, Price:   526.24
Day 29: TESTING Action: 1, Volume: 5, Cash:     397.27, TotalVolume:    3, Price:   523.70
Day 30: TESTING Action: 0, Volume: 5, Cash:     397.27, TotalVolume:    3, Price:   532.08
Day 31: TESTING Action: 1, Volume: 5, Cash:     397.27, TotalVolume:    3, Price:   528.87
Day 32: TESTING Action: 0, Volume: 5, Cash:     397.27, TotalVolume:    3, Price:   524.97
Day 33: TESTING Action: 0, Volume: 5, Cash:     397.27, TotalVolume:    3, Price:   518.12
Day 34: TESTING Action: 1, Volume: 5, Cash:     397.27, TotalVolume:    3, Price:   516.12
Day 35: TESTING Action: 1, Volume: 5, Cash:     397.27, TotalVolume:    3, Price:   513.81
Day 36: TESTING Action: 0, Volume: 5, Cash:     397.27, TotalVolume:    3, Price:   515.24
Day 37: TESTING Action: 0, Volume: 5, Cash:     397.27, TotalVolume:    3, Price:   518.31
Day 38: TESTING Action: 0, Volume: 5, Cash:     397.27, TotalVolume:    3, Price:   508.82
Day 39: TESTING Action: 0, Volume: 5, Cash:     397.27, TotalVolume:    3, Price:   509.79
Day 40: TESTING Action: 0, Volume: 5, Cash:     397.27, TotalVolume:    3, Price:   513.89
Day 41: TESTING Action: 0, Volume: 5, Cash:     397.27, TotalVolume:    3, Price:   497.39
Day 42: TESTING Action: 0, Volume: 5, Cash:     397.27, TotalVolume:    3, Price:   501.89
Day 43: TESTING Action: 0, Volume: 5, Cash:     397.27, TotalVolume:    3, Price:   501.89
Day 44: TESTING Action: 0, Volume: 5, Cash:     397.27, TotalVolume:    3, Price:   508.89
Day 45: TESTING Action: 0, Volume: 5, Cash:     397.27, TotalVolume:    3, Price:   522.58
Day 46: TESTING Action: 0, Volume: 5, Cash:     397.27, TotalVolume:    3, Price:   521.60
Day 47: TESTING Action: 0, Volume: 5, Cash:     397.27, TotalVolume:    3, Price:   530.72
Day 48: TESTING Action: 0, Volume: 5, Cash:     397.27, TotalVolume:    3, Price:   533.75
Day 49: TESTING Action: 0, Volume: 5, Cash:     397.27, TotalVolume:    3, Price:   535.37
Day 50: TESTING Action: 0, Volume: 5, Cash:     397.27, TotalVolume:    3, Price:   556.42
Day 51: TESTING Action: 0, Volume: 5, Cash:     397.27, TotalVolume:    3, Price:   558.66
Day 52: TESTING Action: 0, Volume: 5, Cash:     397.27, TotalVolume:    3, Price:   561.70
Day 53: TESTING Action: 0, Volume: 5, Cash:     397.27, TotalVolume:    3, Price:   560.63
Day 54: TESTING Action: 0, Volume: 5, Cash:     397.27, TotalVolume:    3, Price:   565.58
Day 55: TESTING Action: 0, Volume: 5, Cash:     397.27, TotalVolume:    3, Price:   565.11
Day 56: TESTING Action: 0, Volume: 5, Cash:     397.27, TotalVolume:    3, Price:   564.64
Day 57: TESTING Action: 1, Volume: 5, Cash:     397.27, TotalVolume:    3, Price:   569.69
Day 58: TESTING Action: 0, Volume: 5, Cash:     397.27, TotalVolume:    3, Price:   573.70
Day 59: TESTING Action: 0, Volume: 5, Cash:     397.27, TotalVolume:    3, Price:   570.06
Day 60: TESTING Action: 0, Volume: 5, Cash:     397.27, TotalVolume:    3, Price:   579.97
Day 61: TESTING Action: 0, Volume: 5, Cash:     397.27, TotalVolume:    3, Price:   593.08
Day 62: TESTING Action: 0, Volume: 5, Cash:     397.27, TotalVolume:    3, Price:   581.97
Day 63: TESTING Action: 0, Volume: 5, Cash:     397.27, TotalVolume:    3, Price:   590.04
Day 64: TESTING Action: 0, Volume: 5, Cash:     397.27, TotalVolume:    3, Price:   587.68
Day 65: TESTING Action: 0, Volume: 5, Cash:     397.27, TotalVolume:    3, Price:   581.03
Day 66: TESTING Action: 0, Volume: 5, Cash:     397.27, TotalVolume:    3, Price:   587.12
Day 67: TESTING Action: 0, Volume: 5, Cash:     397.27, TotalVolume:    3, Price:   587.59
Day 68: TESTING Action: 0, Volume: 5, Cash:     397.27, TotalVolume:    3, Price:   583.46
Day 69: TESTING Action: 0, Volume: 5, Cash:     397.27, TotalVolume:    3, Price:   574.02
Day 70: TESTING Action: 0, Volume: 5, Cash:     397.27, TotalVolume:    3, Price:   574.16
Day 71: TESTING Action: 0, Volume: 5, Cash:     397.27, TotalVolume:    3, Price:   573.70
Day 72: TESTING Action: 0, Volume: 5, Cash:     397.27, TotalVolume:    3, Price:   572.40
Day 73: TESTING Action: 0, Volume: 5, Cash:     397.27, TotalVolume:    3, Price:   579.22
Day 74: TESTING Action: 0, Volume: 5, Cash:     397.27, TotalVolume:    3, Price:   560.98
Day 75: TESTING Action: 0, Volume: 5, Cash:     397.27, TotalVolume:    3, Price:   565.06
Day 76: TESTING Action: 0, Volume: 5, Cash:     397.27, TotalVolume:    3, Price:   570.50
Day 77: TESTING Action: 0, Volume: 5, Cash:     397.27, TotalVolume:    3, Price:   575.39
Day 78: TESTING Action: 0, Volume: 5, Cash:     397.27, TotalVolume:    3, Price:   590.43
Day 79: TESTING Action: 0, Volume: 5, Cash:     397.27, TotalVolume:    3, Price:   588.96
Day 80: TESTING Action: 0, Volume: 5, Cash:     397.27, TotalVolume:    3, Price:   564.86
Day 81: TESTING Action: 0, Volume: 5, Cash:     397.27, TotalVolume:    3, Price:   564.44
Day 82: TESTING Action: 0, Volume: 5, Cash:     397.27, TotalVolume:    3, Price:   557.99
Day 83: TESTING Action: 0, Volume: 5, Cash:     397.27, TotalVolume:    3, Price:   569.68
Day 84: TESTING Action: 0, Volume: 5, Cash:     397.27, TotalVolume:    3, Price:   569.30
Day 85: TESTING Action: 0, Volume: 5, Cash:     397.27, TotalVolume:    3, Price:   588.86
Day 86: TESTING Action: 0, Volume: 5, Cash:     397.27, TotalVolume:    3, Price:   586.51
Day 87: TESTING Action: 0, Volume: 5, Cash:     397.27, TotalVolume:    3, Price:   580.37
Day 88: TESTING Action: 0, Volume: 5, Cash:     397.27, TotalVolume:    3, Price:   582.01
Day 89: TESTING Action: 0, Volume: 5, Cash:     397.27, TotalVolume:    3, Price:   577.22
Day 90: TESTING Action: 0, Volume: 5, Cash:     397.27, TotalVolume:    3, Price:   574.39
Day 91: TESTING Action: 0, Volume: 5, Cash:     397.27, TotalVolume:    3, Price:   551.42
Day 92: TESTING Action: 0, Volume: 5, Cash:     397.27, TotalVolume:    3, Price:   551.74
Day 93: TESTING Action: 0, Volume: 5, Cash:     397.27, TotalVolume:    3, Price:   558.40
Day 94: TESTING Action: 0, Volume: 5, Cash:     397.27, TotalVolume:    3, Price:   562.81
Day 95: TESTING Action: 0, Volume: 5, Cash:     397.27, TotalVolume:    3, Price:   560.39
Day 96: TESTING Action: 0, Volume: 5, Cash:     397.27, TotalVolume:    3, Price:   556.46
Day 97: TESTING Action: 0, Volume: 5, Cash:     397.27, TotalVolume:    3, Price:   562.40
Day 98: TESTING Action: 0, Volume: 5, Cash:     397.27, TotalVolume:    3, Price:   570.79
Day 99: TESTING Action: 0, Volume: 5, Cash:     397.27, TotalVolume:    3, Price:   566.47
Day 100: TESTING Action: 0, Volume: 5, Cash:     397.27, TotalVolume:    3, Price:   571.56
Day 101: TESTING Action: 0, Volume: 5, Cash:     397.27, TotalVolume:    3, Price:   589.99
Day 102: TESTING Action: 0, Volume: 5, Cash:     397.27, TotalVolume:    3, Price:   610.71
Day 103: TESTING Action: 0, Volume: 5, Cash:     397.27, TotalVolume:    3, Price:   610.83
Day 104: TESTING Action: 0, Volume: 5, Cash:     397.27, TotalVolume:    3, Price:   606.01
Day 105: TESTING Action: 0, Volume: 5, Cash:     397.27, TotalVolume:    3, Price:   620.78
Day 106: TESTING Action: 0, Volume: 5, Cash:     397.27, TotalVolume:    3, Price:   610.63
Day 107: TESTING Action: 0, Volume: 5, Cash:     397.27, TotalVolume:    3, Price:   616.35
Day 108: TESTING Action: 0, Volume: 5, Cash:     397.27, TotalVolume:    3, Price:   629.64
Day 109: TESTING Action: 1, Volume: 5, Cash:     397.27, TotalVolume:    3, Price:   627.76
Day 110: TESTING Action: 0, Volume: 5, Cash:     397.27, TotalVolume:    3, Price:   617.37
Day 111: TESTING Action: 0, Volume: 5, Cash:     397.27, TotalVolume:    3, Price:   621.75
Day 112: TESTING Action: 0, Volume: 5, Cash:     397.27, TotalVolume:    3, Price:   616.96
Day 113: TESTING Action: 0, Volume: 5, Cash:     397.27, TotalVolume:    3, Price:   594.80
Day 114: TESTING Action: 0, Volume: 5, Cash:     397.27, TotalVolume:    3, Price:   593.19
Day 115: TESTING Action: 0, Volume: 5, Cash:     397.27, TotalVolume:    3, Price:   582.91
Day 116: TESTING Action: 0, Volume: 5, Cash:     397.27, TotalVolume:    3, Price:   597.45
Day 117: TESTING Action: 0, Volume: 5, Cash:     397.27, TotalVolume:    3, Price:   605.32
Day 118: TESTING Action: 0, Volume: 5, Cash:     397.27, TotalVolume:    3, Price:   600.94
Day 119: TESTING Action: 0, Volume: 5, Cash:     397.27, TotalVolume:    3, Price:   597.41
Day 120: TESTING Action: 0, Volume: 5, Cash:     397.27, TotalVolume:    3, Price:   588.88
Day 121: TESTING Action: 0, Volume: 5, Cash:     397.27, TotalVolume:    3, Price:   583.17
Day 122: TESTING Action: 0, Volume: 5, Cash:     397.27, TotalVolume:    3, Price:   596.85
Day 123: TESTING Action: 0, Volume: 5, Cash:     397.27, TotalVolume:    3, Price:   602.21
Day 124: TESTING Action: 0, Volume: 5, Cash:     397.27, TotalVolume:    3, Price:   627.68
Day 125: TESTING Action: 0, Volume: 5, Cash:     397.27, TotalVolume:    3, Price:   615.42
Day 126: TESTING Action: 0, Volume: 5, Cash:     397.27, TotalVolume:    3, Price:   608.28
Day 127: TESTING Action: 0, Volume: 5, Cash:     397.27, TotalVolume:    3, Price:   613.40
Day 128: TESTING Action: 0, Volume: 5, Cash:     397.27, TotalVolume:    3, Price:   605.90
Day 129: TESTING Action: 0, Volume: 5, Cash:     397.27, TotalVolume:    3, Price:   591.88
Day 130: TESTING Action: 0, Volume: 5, Cash:     397.27, TotalVolume:    3, Price:   614.65
Day 131: TESTING Action: 0, Volume: 5, Cash:     397.27, TotalVolume:    3, Price:   608.86
Day 132: TESTING Action: 0, Volume: 5, Cash:     397.27, TotalVolume:    3, Price:   610.32
Day 133: TESTING Action: 0, Volume: 5, Cash:     397.27, TotalVolume:    3, Price:   614.00
Day 134: TESTING Action: 0, Volume: 5, Cash:     397.27, TotalVolume:    3, Price:   621.01
Day 135: TESTING Action: 0, Volume: 5, Cash:     397.27, TotalVolume:    3, Price:   633.91
Day 136: TESTING Action: 0, Volume: 5, Cash:     397.27, TotalVolume:    3, Price:   644.90
Day 137: TESTING Action: 0, Volume: 5, Cash:     397.27, TotalVolume:    3, Price:   657.24
Day 138: TESTING Action: 0, Volume: 5, Cash:     397.27, TotalVolume:    3, Price:   671.64
Day 139: TESTING Action: 0, Volume: 5, Cash:     397.27, TotalVolume:    3, Price:   673.79
Day 140: TESTING Action: 0, Volume: 5, Cash:     397.27, TotalVolume:    3, Price:   684.25
Day 141: TESTING Action: 0, Volume: 5, Cash:     397.27, TotalVolume:    3, Price:   686.43
Day 142: TESTING Action: 0, Volume: 5, Cash:     397.27, TotalVolume:    3, Price:   694.67
Day 143: TESTING Action: 1, Volume: 5, Cash:     397.27, TotalVolume:    3, Price:   701.38
Day 144: TESTING Action: 0, Volume: 5, Cash:     397.27, TotalVolume:    3, Price:   702.05
Day 145: TESTING Action: 1, Volume: 5, Cash:     397.27, TotalVolume:    3, Price:   709.14
Day 146: TESTING Action: 1, Volume: 5, Cash:     397.27, TotalVolume:    3, Price:   711.66
Day 147: TESTING Action: 0, Volume: 5, Cash:     397.27, TotalVolume:    3, Price:   714.53
Day 148: TESTING Action: 0, Volume: 5, Cash:     397.27, TotalVolume:    3, Price:   716.92
Day 149: TESTING Action: 0, Volume: 5, Cash:     397.27, TotalVolume:    3, Price:   722.48
Day 150: TESTING Action: 0, Volume: 5, Cash:     397.27, TotalVolume:    3, Price:   725.65
Day 151: TESTING Action: 0, Volume: 5, Cash:     397.27, TotalVolume:    3, Price:   733.73
Day 152: TESTING Action: 0, Volume: 5, Cash:     397.27, TotalVolume:    3, Price:   713.51
Day 153: TESTING Action: 0, Volume: 5, Cash:     397.27, TotalVolume:    3, Price:   700.96
Day 154: TESTING Action: 0, Volume: 5, Cash:     397.27, TotalVolume:    3, Price:   692.06
Day 155: TESTING Action: 0, Volume: 5, Cash:     397.27, TotalVolume:    3, Price:   680.82
Day 156: TESTING Action: 0, Volume: 5, Cash:     397.27, TotalVolume:    3, Price:   665.46
Day 157: TESTING Action: 0, Volume: 5, Cash:     397.27, TotalVolume:    3, Price:   654.87
Day 158: TESTING Action: 0, Volume: 5, Cash:     397.27, TotalVolume:    3, Price:   671.01
Day 159: TESTING Action: 0, Volume: 5, Cash:     397.27, TotalVolume:    3, Price:   655.61
Day 160: TESTING Action: 0, Volume: 5, Cash:     397.27, TotalVolume:    3, Price:   665.53
Day 161: TESTING Action: 0, Volume: 5, Cash:     397.27, TotalVolume:    3, Price:   652.43
Day 162: TESTING Action: 0, Volume: 5, Cash:     397.27, TotalVolume:    3, Price:   637.44
Day 163: TESTING Action: 0, Volume: 5, Cash:     397.27, TotalVolume:    3, Price:   653.85
Day 164: TESTING Action: 0, Volume: 5, Cash:     397.27, TotalVolume:    3, Price:   625.42
Day 165: TESTING Action: 0, Volume: 5, Cash:     397.27, TotalVolume:    3, Price:   623.16
Day 166: TESTING Action: 0, Volume: 5, Cash:     397.27, TotalVolume:    3, Price:   595.60
Day 167: TESTING Action: 0, Volume: 5, Cash:     397.27, TotalVolume:    3, Price:   603.29
Day 168: TESTING Action: 0, Volume: 5, Cash:     397.27, TotalVolume:    3, Price:   617.08
Day 169: TESTING Action: 0, Volume: 5, Cash:     397.27, TotalVolume:    3, Price:   588.28
Day 170: TESTING Action: 0, Volume: 5, Cash:     397.27, TotalVolume:    3, Price:   605.71
Day 171: TESTING Action: 0, Volume: 5, Cash:     397.27, TotalVolume:    3, Price:   603.02
Day 172: TESTING Action: 0, Volume: 5, Cash:     397.27, TotalVolume:    3, Price:   580.55
Day 173: TESTING Action: 0, Volume: 5, Cash:     397.27, TotalVolume:    3, Price:   582.24
Day 174: TESTING Action: 0, Volume: 5, Cash:     397.27, TotalVolume:    3, Price:   584.18
Day 175: TESTING Action: 0, Volume: 5, Cash:     397.27, TotalVolume:    3, Price:   594.40
Day 176: TESTING Action: 0, Volume: 5, Cash:     397.27, TotalVolume:    3, Price:   616.93
Day 177: TESTING Action: 0, Volume: 5, Cash:     397.27, TotalVolume:    3, Price:   624.36
Day 178: TESTING Action: 0, Volume: 5, Cash:     397.27, TotalVolume:    3, Price:   609.08
Day 179: TESTING Action: 0, Volume: 5, Cash:     397.27, TotalVolume:    3, Price:   600.71
Day 180: TESTING Action: 0, Volume: 5, Cash:     397.27, TotalVolume:    3, Price:   574.95
Day 181: TESTING Action: 0, Volume: 5, Cash:     397.27, TotalVolume:    3, Price:   574.57
Day 182: TESTING Action: 0, Volume: 5, Cash:     397.27, TotalVolume:    3, Price:   584.18
Day 183: TESTING Action: 0, Volume: 5, Cash:     397.27, TotalVolume:    3, Price:   582.11
Day 184: TESTING Action: 0, Volume: 5, Cash:     397.27, TotalVolume:    3, Price:   529.97
Day 185: TESTING Action: 0, Volume: 5, Cash:     397.27, TotalVolume:    3, Price:   503.16
Day 186: TESTING Action: 0, Volume: 5, Cash:     397.27, TotalVolume:    3, Price:   514.64
Day 187: TESTING Action: 0, Volume: 5, Cash:     397.27, TotalVolume:    3, Price:   508.86
Day 188: TESTING Action: 0, Volume: 5, Cash:     397.27, TotalVolume:    3, Price:   583.95
Day 189: TESTING Action: 0, Volume: 5, Cash:     397.27, TotalVolume:    3, Price:   544.59
Day 190: TESTING Action: 0, Volume: 5, Cash:     397.27, TotalVolume:    3, Price:   541.88
Day 191: TESTING Action: 0, Volume: 5, Cash:     397.27, TotalVolume:    3, Price:   529.83
Day 192: TESTING Action: 0, Volume: 5, Cash:     397.27, TotalVolume:    3, Price:   519.90
Day 193: TESTING Action: 0, Volume: 5, Cash:     397.27, TotalVolume:    3, Price:   500.75
Day 194: TESTING Action: 0, Volume: 5, Cash:     397.27, TotalVolume:    3, Price:   499.92
Day 195: TESTING Action: 0, Volume: 5, Cash:     397.27, TotalVolume:    3, Price:   483.15
Day 196: TESTING Action: 0, Volume: 5, Cash:     397.27, TotalVolume:    3, Price:   498.72
Day 197: TESTING Action: 0, Volume: 5, Cash:     397.27, TotalVolume:    3, Price:   518.65
Day 198: TESTING Action: 0, Volume: 5, Cash:     397.27, TotalVolume:    3, Price:   531.49
Day 199: TESTING Action: 0, Volume: 5, Cash:     397.27, TotalVolume:    3, Price:   545.57
Day 200: TESTING Action: 0, Volume: 5, Cash:     397.27, TotalVolume:    3, Price:   548.03
Day 201: TESTING Action: 0, Volume: 5, Cash:     397.27, TotalVolume:    3, Price:   552.72
Day 202: TESTING Action: 0, Volume: 5, Cash:     397.27, TotalVolume:    3, Price:   547.29
Day 203: TESTING Action: 0, Volume: 5, Cash:     397.27, TotalVolume:    3, Price:   570.43
Day 204: TESTING Action: 0, Volume: 5, Cash:     397.27, TotalVolume:    3, Price:   595.16
Day 205: TESTING Action: 0, Volume: 5, Cash:     397.27, TotalVolume:    3, Price:   597.41
Day 206: TESTING Action: 0, Volume: 5, Cash:     397.27, TotalVolume:    3, Price:   585.48
Day 207: TESTING Action: 0, Volume: 5, Cash:     397.27, TotalVolume:    3, Price:   594.95
Day 208: TESTING Action: 1, Volume: 5, Cash:     397.27, TotalVolume:    3, Price:   596.15
Day 209: TESTING Action: 0, Volume: 5, Cash:     397.27, TotalVolume:    3, Price:   590.65
Day 210: TESTING Action: 1, Volume: 5, Cash:     397.27, TotalVolume:    3, Price:   637.44
Day 211: TESTING Action: 1, Volume: 5, Cash:     397.27, TotalVolume:    3, Price:   653.99
Day 212: TESTING Action: 1, Volume: 5, Cash:     397.27, TotalVolume:    3, Price:   657.31
Day 213: TESTING Action: 1, Volume: 5, Cash:     397.27, TotalVolume:    3, Price:   641.88
Day 214: TESTING Action: 1, Volume: 5, Cash:     397.27, TotalVolume:    3, Price:   638.35
Day 215: TESTING Action: 1, Volume: 5, Cash:     397.27, TotalVolume:    3, Price:   638.44
Day 216: TESTING Action: 1, Volume: 5, Cash:     397.27, TotalVolume:    3, Price:   635.12
Day 217: TESTING Action: 1, Volume: 5, Cash:     397.27, TotalVolume:    3, Price:   633.52
Day 218: TESTING Action: 1, Volume: 5, Cash:     397.27, TotalVolume:    3, Price:   634.59
Day 219: TESTING Action: 1, Volume: 5, Cash:     397.27, TotalVolume:    3, Price:   625.11
Day 220: TESTING Action: 1, Volume: 5, Cash:     397.27, TotalVolume:    3, Price:   640.32
Day 221: TESTING Action: 1, Volume: 5, Cash:     397.27, TotalVolume:    3, Price:   641.58
Day 222: TESTING Action: 1, Volume: 5, Cash:     397.27, TotalVolume:    3, Price:   643.04
Day 223: TESTING Action: 1, Volume: 5, Cash:     397.27, TotalVolume:    3, Price:   645.48
Day 224: TESTING Action: 1, Volume: 5, Cash:     397.27, TotalVolume:    3, Price:   668.81
Day 225: TESTING Action: 1, Volume: 5, Cash:     397.27, TotalVolume:    3, Price:   664.78
Day 226: TESTING Action: 1, Volume: 5, Cash:     397.27, TotalVolume:    3, Price:   685.81
Day 227: TESTING Action: 0, Volume: 5, Cash:     397.27, TotalVolume:    3, Price:   682.49
Day 228: TESTING Action: 0, Volume: 5, Cash:     397.27, TotalVolume:    3, Price:   695.54
Day 229: TESTING Action: 1, Volume: 5, Cash:     397.27, TotalVolume:    3, Price:   691.90
Day 230: TESTING Action: 1, Volume: 5, Cash:     397.27, TotalVolume:    3, Price:   700.22
Day 231: TESTING Action: 0, Volume: 5, Cash:     397.27, TotalVolume:    3, Price:   691.98
Day 232: TESTING Action: 0, Volume: 5, Cash:     397.27, TotalVolume:    3, Price:   691.20
Day 233: TESTING Action: 0, Volume: 5, Cash:     397.27, TotalVolume:    3, Price:   680.75
Day 234: TESTING Action: 0, Volume: 5, Cash:     397.27, TotalVolume:    3, Price:   700.47
Day 235: TESTING Action: 0, Volume: 5, Cash:     397.27, TotalVolume:    3, Price:   695.60
Day 236: TESTING Action: 0, Volume: 5, Cash:     397.27, TotalVolume:    3, Price:   694.14
Day 237: TESTING Action: 0, Volume: 5, Cash:     397.27, TotalVolume:    3, Price:   680.75
Day 238: TESTING Action: 0, Volume: 5, Cash:     397.27, TotalVolume:    3, Price:   696.89
Day 239: TESTING Action: 0, Volume: 5, Cash:     397.27, TotalVolume:    3, Price:   710.53
Day 240: TESTING Action: 0, Volume: 5, Cash:     397.27, TotalVolume:    3, Price:   707.02
Day 241: TESTING Action: 0, Volume: 5, Cash:     397.27, TotalVolume:    3, Price:   724.39
Day 242: TESTING Action: 0, Volume: 5, Cash:     397.27, TotalVolume:    3, Price:   731.91
Day 243: TESTING Action: 0, Volume: 5, Cash:     397.27, TotalVolume:    3, Price:   736.36
Day 244: TESTING Action: 0, Volume: 5, Cash:     397.27, TotalVolume:    3, Price:   717.53
Day 245: TESTING Action: 0, Volume: 5, Cash:     397.27, TotalVolume:    3, Price:   711.90
Day 246: TESTING Action: 0, Volume: 5, Cash:     397.27, TotalVolume:    3, Price:   717.33
Day 247: TESTING Action: 0, Volume: 5, Cash:     397.27, TotalVolume:    3, Price:   716.67
Day 248: TESTING Action: 0, Volume: 5, Cash:     397.27, TotalVolume:    3, Price:   718.98
Day 249: TESTING Action: 0, Volume: 5, Cash:     397.27, TotalVolume:    3, Price:   731.06
Day 250: TESTING Action: 0, Volume: 5, Cash:     397.27, TotalVolume:    3, Price:   725.54
Day 251: TESTING Action: 0, Volume: 5, Cash:     397.27, TotalVolume:    3, Price:   715.83
Day 252: TESTING Action: 0, Volume: 5, Cash:     397.27, TotalVolume:    3, Price:   719.23
Day 253: TESTING Action: 0, Volume: 5, Cash:     397.27, TotalVolume:    3, Price:   708.73
Day 254: TESTING Action: 0, Volume: 5, Cash:     397.27, TotalVolume:    3, Price:   701.26
Day 255: TESTING Action: 0, Volume: 5, Cash:     397.27, TotalVolume:    3, Price:   699.77
Day 256: TESTING Action: 0, Volume: 5, Cash:     397.27, TotalVolume:    3, Price:   702.63
Day 257: TESTING Action: 0, Volume: 5, Cash:     397.27, TotalVolume:    3, Price:   711.30
Day 258: TESTING Action: 0, Volume: 5, Cash:     397.27, TotalVolume:    3, Price:   703.16
Day 259: TESTING Action: 0, Volume: 5, Cash:     397.27, TotalVolume:    3, Price:   711.91
Day 260: TESTING Action: 0, Volume: 5, Cash:     397.27, TotalVolume:    3, Price:   713.13
Day 261: TESTING Action: 0, Volume: 5, Cash:     397.27, TotalVolume:    3, Price:   711.01
Day 262: TESTING Action: 0, Volume: 5, Cash:     397.27, TotalVolume:    3, Price:   715.95
Day 263: TESTING Action: 0, Volume: 5, Cash:     397.27, TotalVolume:    3, Price:   698.36
Day 264: TESTING Action: 0, Volume: 5, Cash:     397.27, TotalVolume:    3, Price:   693.58
Day 265: TESTING Action: 0, Volume: 5, Cash:     397.27, TotalVolume:    3, Price:   771.63
Day 266: TESTING Action: 0, Volume: 5, Cash:     397.27, TotalVolume:    3, Price:   748.25
Day 267: TESTING Action: 0, Volume: 5, Cash:     397.27, TotalVolume:    3, Price:   774.55
Day 268: TESTING Action: 0, Volume: 5, Cash:     397.27, TotalVolume:    3, Price:   761.67
Day 269: TESTING Action: 0, Volume: 5, Cash:     397.27, TotalVolume:    3, Price:   770.18
Day 270: TESTING Action: 0, Volume: 5, Cash:     397.27, TotalVolume:    3, Price:   760.04
Day 271: TESTING Action: 0, Volume: 5, Cash:     397.27, TotalVolume:    3, Price:   767.50
Day 272: TESTING Action: 0, Volume: 5, Cash:     397.27, TotalVolume:    3, Price:   764.08
Day 273: TESTING Action: 0, Volume: 5, Cash:     397.27, TotalVolume:    3, Price:   788.15
Day 274: TESTING Action: 0, Volume: 5, Cash:     397.27, TotalVolume:    3, Price:   778.25
Day 275: TESTING Action: 0, Volume: 5, Cash:     397.27, TotalVolume:    3, Price:   780.30
Day 276: TESTING Action: 0, Volume: 5, Cash:     397.27, TotalVolume:    3, Price:   783.39
Day 277: TESTING Action: 0, Volume: 5, Cash:     397.27, TotalVolume:    3, Price:   765.57
Day 278: TESTING Action: 0, Volume: 5, Cash:     397.27, TotalVolume:    3, Price:   749.72
Day 279: TESTING Action: 0, Volume: 5, Cash:     397.27, TotalVolume:    3, Price:   745.97
Day 280: TESTING Action: 0, Volume: 5, Cash:     397.27, TotalVolume:    3, Price:   737.37
Day 281: TESTING Action: 0, Volume: 5, Cash:     397.27, TotalVolume:    3, Price:   753.02
Day 282: TESTING Action: 0, Volume: 5, Cash:     397.27, TotalVolume:    3, Price:   751.53
Day 283: TESTING Action: 0, Volume: 5, Cash:     397.27, TotalVolume:    3, Price:   752.33
Day 284: TESTING Action: 0, Volume: 5, Cash:     397.27, TotalVolume:    3, Price:   745.63
Day 285: TESTING Action: 0, Volume: 5, Cash:     397.27, TotalVolume:    3, Price:   749.35
Day 286: TESTING Action: 0, Volume: 5, Cash:     397.27, TotalVolume:    3, Price:   736.97
Day 287: TESTING Action: 0, Volume: 5, Cash:     397.27, TotalVolume:    3, Price:   733.39
Day 288: TESTING Action: 0, Volume: 5, Cash:     397.27, TotalVolume:    3, Price:   735.32
Day 289: TESTING Action: 0, Volume: 5, Cash:     397.27, TotalVolume:    3, Price:   746.90
Day 290: TESTING Action: 0, Volume: 5, Cash:     397.27, TotalVolume:    3, Price:   750.69
Day 291: TESTING Action: 0, Volume: 5, Cash:     397.27, TotalVolume:    3, Price:   750.54
Day 292: TESTING Action: 0, Volume: 5, Cash:     397.27, TotalVolume:    3, Price:   763.91
Day 293: TESTING Action: 0, Volume: 5, Cash:     397.27, TotalVolume:    3, Price:   750.22
Day 294: TESTING Action: 0, Volume: 5, Cash:     397.27, TotalVolume:    3, Price:   749.14
Day 295: TESTING Action: 0, Volume: 5, Cash:     397.27, TotalVolume:    3, Price:   753.82
Day 296: TESTING Action: 0, Volume: 5, Cash:     397.27, TotalVolume:    3, Price:   762.91
Day 297: TESTING Action: 0, Volume: 5, Cash:     397.27, TotalVolume:    3, Price:   777.17
Day 298: TESTING Action: 0, Volume: 5, Cash:     397.27, TotalVolume:    3, Price:   773.90
Day 299: TESTING Action: 0, Volume: 5, Cash:     397.27, TotalVolume:    3, Price:   778.42
Day 300: TESTING Action: 0, Volume: 5, Cash:     397.27, TotalVolume:    3, Price:   776.56
Day 301: TESTING Action: 0, Volume: 5, Cash:     397.27, TotalVolume:    3, Price:   763.88
Day 302: TESTING Action: 0, Volume: 5, Cash:     397.27, TotalVolume:    3, Price:   754.14
Day 303: TESTING Action: 0, Volume: 5, Cash:     397.27, TotalVolume:    3, Price:   759.39
Day 304: TESTING Action: 0, Volume: 5, Cash:     397.27, TotalVolume:    3, Price:   747.66
Day 305: TESTING Action: 0, Volume: 5, Cash:     397.27, TotalVolume:    3, Price:   742.51
Day 306: TESTING Action: 0, Volume: 5, Cash:     397.27, TotalVolume:    3, Price:   742.16
Day 307: TESTING Action: 0, Volume: 5, Cash:     397.27, TotalVolume:    3, Price:   733.15
Day 308: TESTING Action: 0, Volume: 5, Cash:     397.27, TotalVolume:    3, Price:   716.14
Day 309: TESTING Action: 0, Volume: 5, Cash:     397.27, TotalVolume:    3, Price:   725.84
Day 310: TESTING Action: 0, Volume: 5, Cash:     397.27, TotalVolume:    3, Price:   709.37
Day 311: TESTING Action: 0, Volume: 5, Cash:     397.27, TotalVolume:    3, Price:   714.47
Day 312: TESTING Action: 0, Volume: 5, Cash:     397.27, TotalVolume:    3, Price:   711.89
Day 313: TESTING Action: 0, Volume: 5, Cash:     397.27, TotalVolume:    3, Price:   716.64
Day 314: TESTING Action: 0, Volume: 5, Cash:     397.27, TotalVolume:    3, Price:   732.29
Day 315: TESTING Action: 0, Volume: 5, Cash:     397.27, TotalVolume:    3, Price:   704.12
Day 316: TESTING Action: 0, Volume: 5, Cash:     397.27, TotalVolume:    3, Price:   714.51
Day 317: TESTING Action: 0, Volume: 5, Cash:     397.27, TotalVolume:    3, Price:   707.47
Day 318: TESTING Action: 0, Volume: 5, Cash:     397.27, TotalVolume:    3, Price:   716.35
Day 319: TESTING Action: 0, Volume: 5, Cash:     397.27, TotalVolume:    3, Price:   710.88
Day 320: TESTING Action: 0, Volume: 5, Cash:     397.27, TotalVolume:    3, Price:   715.72
Day 321: TESTING Action: 0, Volume: 5, Cash:     397.27, TotalVolume:    3, Price:   730.95
Day 322: TESTING Action: 0, Volume: 5, Cash:     397.27, TotalVolume:    3, Price:   732.05
Day 323: TESTING Action: 0, Volume: 5, Cash:     397.27, TotalVolume:    3, Price:   732.19
Day 324: TESTING Action: 0, Volume: 5, Cash:     397.27, TotalVolume:    3, Price:   732.77
Day 325: TESTING Action: 0, Volume: 5, Cash:     397.27, TotalVolume:    3, Price:   737.13
Day 326: TESTING Action: 0, Volume: 5, Cash:     397.27, TotalVolume:    3, Price:   749.57
Day 327: TESTING Action: 0, Volume: 5, Cash:     397.27, TotalVolume:    3, Price:   750.19
Day 328: TESTING Action: 0, Volume: 5, Cash:     397.27, TotalVolume:    3, Price:   750.41
Day 329: TESTING Action: 0, Volume: 5, Cash:     397.27, TotalVolume:    3, Price:   665.36
Day 330: TESTING Action: 0, Volume: 5, Cash:     397.27, TotalVolume:    3, Price:   647.27
Day 331: TESTING Action: 0, Volume: 5, Cash:     397.27, TotalVolume:    3, Price:   636.65
Day 332: TESTING Action: 0, Volume: 5, Cash:     397.27, TotalVolume:    3, Price:   626.27
Day 333: TESTING Action: 0, Volume: 5, Cash:     397.27, TotalVolume:    3, Price:   634.89
Day 334: TESTING Action: 0, Volume: 5, Cash:     397.27, TotalVolume:    3, Price:   617.91
Day 335: TESTING Action: 0, Volume: 5, Cash:     397.27, TotalVolume:    3, Price:   620.67
Day 336: TESTING Action: 0, Volume: 5, Cash:     397.27, TotalVolume:    3, Price:   630.71
Day 337: TESTING Action: 0, Volume: 5, Cash:     397.27, TotalVolume:    3, Price:   626.03
Day 338: TESTING Action: 0, Volume: 5, Cash:     397.27, TotalVolume:    3, Price:   607.99
Day 339: TESTING Action: 0, Volume: 5, Cash:     397.27, TotalVolume:    3, Price:   608.87
Day 340: TESTING Action: 0, Volume: 5, Cash:     397.27, TotalVolume:    3, Price:   608.44
Day 341: TESTING Action: 0, Volume: 5, Cash:     397.27, TotalVolume:    3, Price:   601.00
Day 342: TESTING Action: 0, Volume: 5, Cash:     397.27, TotalVolume:    3, Price:   596.69
Day 343: TESTING Action: 0, Volume: 5, Cash:     397.27, TotalVolume:    3, Price:   589.33
Day 344: TESTING Action: 0, Volume: 5, Cash:     397.27, TotalVolume:    3, Price:   588.17
Day 345: TESTING Action: 0, Volume: 5, Cash:     397.27, TotalVolume:    3, Price:   593.26
Day 346: TESTING Action: 0, Volume: 5, Cash:     397.27, TotalVolume:    3, Price:   612.03
Day 347: TESTING Action: 0, Volume: 5, Cash:     397.27, TotalVolume:    3, Price:   635.16
Day 348: TESTING Action: 0, Volume: 5, Cash:     397.27, TotalVolume:    3, Price:   632.55
Day 349: TESTING Action: 0, Volume: 5, Cash:     397.27, TotalVolume:    3, Price:   646.87
Day 350: TESTING Action: 0, Volume: 5, Cash:     397.27, TotalVolume:    3, Price:   639.80
Day 351: TESTING Action: 0, Volume: 5, Cash:     397.27, TotalVolume:    3, Price:   646.02
Day 352: TESTING Action: 0, Volume: 5, Cash:     397.27, TotalVolume:    3, Price:   638.53
Day 353: TESTING Action: 0, Volume: 5, Cash:     397.27, TotalVolume:    3, Price:   660.43
Day 354: TESTING Action: 0, Volume: 5, Cash:     397.27, TotalVolume:    3, Price:   672.30
Day 355: TESTING Action: 0, Volume: 5, Cash:     397.27, TotalVolume:    3, Price:   665.69
Day 356: TESTING Action: 1, Volume: 5, Cash:     397.27, TotalVolume:    3, Price:   655.86
Day 357: TESTING Action: 1, Volume: 5, Cash:     397.27, TotalVolume:    3, Price:   649.04
Day 358: TESTING Action: 1, Volume: 5, Cash:     397.27, TotalVolume:    3, Price:   651.62
Day 359: TESTING Action: 1, Volume: 5, Cash:     397.27, TotalVolume:    3, Price:   643.15
Day 360: TESTING Action: 1, Volume: 5, Cash:     397.27, TotalVolume:    3, Price:   646.96
Day 361: TESTING Action: 1, Volume: 5, Cash:     397.27, TotalVolume:    3, Price:   656.59
Day 362: TESTING Action: 1, Volume: 5, Cash:     397.27, TotalVolume:    3, Price:   648.94
Day 363: TESTING Action: 1, Volume: 5, Cash:     397.27, TotalVolume:    3, Price:   663.88
Day 364: TESTING Action: 1, Volume: 5, Cash:     397.27, TotalVolume:    3, Price:   658.21
Day 365: TESTING Action: 1, Volume: 5, Cash:     397.27, TotalVolume:    3, Price:   660.93
Day 366: TESTING Action: 1, Volume: 5, Cash:     397.27, TotalVolume:    3, Price:   664.37
Day 367: TESTING Action: 1, Volume: 5, Cash:     397.27, TotalVolume:    3, Price:   666.98
Day 368: TESTING Action: 1, Volume: 5, Cash:     397.27, TotalVolume:    3, Price:   662.72
Day 369: TESTING Action: 1, Volume: 5, Cash:     397.27, TotalVolume:    3, Price:   658.13
Day 370: TESTING Action: 1, Volume: 5, Cash:     397.27, TotalVolume:    3, Price:   665.38
Day 371: TESTING Action: 1, Volume: 5, Cash:     397.27, TotalVolume:    3, Price:   659.53
Day 372: TESTING Action: 1, Volume: 5, Cash:     397.27, TotalVolume:    3, Price:   649.85
Day 373: TESTING Action: 1, Volume: 5, Cash:     397.27, TotalVolume:    3, Price:   658.23
Day 374: TESTING Action: 0, Volume: 5, Cash:     397.27, TotalVolume:    3, Price:   660.05
Day 375: TESTING Action: 1, Volume: 5, Cash:     397.27, TotalVolume:    3, Price:   648.14
Day 376: TESTING Action: 1, Volume: 5, Cash:     397.27, TotalVolume:    3, Price:   645.51
Day 377: TESTING Action: 0, Volume: 5, Cash:     397.27, TotalVolume:    3, Price:   652.50
Day 378: TESTING Action: 0, Volume: 5, Cash:     397.27, TotalVolume:    3, Price:   641.42
Day 379: TESTING Action: 0, Volume: 5, Cash:     397.27, TotalVolume:    3, Price:   630.55
Day 380: TESTING Action: 0, Volume: 5, Cash:     397.27, TotalVolume:    3, Price:   614.99
Day 381: TESTING Action: 0, Volume: 5, Cash:     397.27, TotalVolume:    3, Price:   620.27
Day 382: TESTING Action: 0, Volume: 5, Cash:     397.27, TotalVolume:    3, Price:   619.72
Day 383: TESTING Action: 0, Volume: 5, Cash:     397.27, TotalVolume:    3, Price:   603.60
Day 384: TESTING Action: 0, Volume: 5, Cash:     397.27, TotalVolume:    3, Price:   612.44
Day 385: TESTING Action: 0, Volume: 5, Cash:     397.27, TotalVolume:    3, Price:   647.08
Day 386: TESTING Action: 0, Volume: 5, Cash:     397.27, TotalVolume:    3, Price:   658.20
Day 387: TESTING Action: 0, Volume: 5, Cash:     397.27, TotalVolume:    3, Price:   671.78
Day 388: TESTING Action: 0, Volume: 5, Cash:     397.27, TotalVolume:    3, Price:   672.39
Day 389: TESTING Action: 0, Volume: 5, Cash:     397.27, TotalVolume:    3, Price:   668.16
Day 390: TESTING Action: 0, Volume: 5, Cash:     397.27, TotalVolume:    3, Price:   737.68
Day 391: TESTING Action: 0, Volume: 5, Cash:     397.27, TotalVolume:    3, Price:   715.89
Day 392: TESTING Action: 0, Volume: 5, Cash:     397.27, TotalVolume:    3, Price:   705.81
Day 393: TESTING Action: 0, Volume: 5, Cash:     397.27, TotalVolume:    3, Price:   691.11
Day 394: TESTING Action: 0, Volume: 5, Cash:     397.27, TotalVolume:    3, Price:   668.42
Day 395: TESTING Action: 0, Volume: 5, Cash:     397.27, TotalVolume:    3, Price:   669.64
Day 396: TESTING Action: 0, Volume: 5, Cash:     397.27, TotalVolume:    3, Price:   660.89
Day 397: TESTING Action: 0, Volume: 5, Cash:     397.27, TotalVolume:    3, Price:   676.64
Day 398: TESTING Action: 0, Volume: 5, Cash:     397.27, TotalVolume:    3, Price:   670.15
Day 399: TESTING Action: 0, Volume: 5, Cash:     397.27, TotalVolume:    3, Price:   668.12
Day 400: TESTING Action: 0, Volume: 5, Cash:     397.27, TotalVolume:    3, Price:   649.25
Day 401: TESTING Action: 0, Volume: 5, Cash:     397.27, TotalVolume:    3, Price:   639.22
Day 402: TESTING Action: 0, Volume: 5, Cash:     397.27, TotalVolume:    3, Price:   638.74
Day 403: TESTING Action: 0, Volume: 5, Cash:     397.27, TotalVolume:    3, Price:   642.67
Day 404: TESTING Action: 0, Volume: 5, Cash:     397.27, TotalVolume:    3, Price:   644.23
Day 405: TESTING Action: 0, Volume: 5, Cash:     397.27, TotalVolume:    3, Price:   655.10
Day 406: TESTING Action: 0, Volume: 5, Cash:     397.27, TotalVolume:    3, Price:   636.70
Day 407: TESTING Action: 0, Volume: 5, Cash:     397.27, TotalVolume:    3, Price:   638.75
Day 408: TESTING Action: 0, Volume: 5, Cash:     397.27, TotalVolume:    3, Price:   653.13
Day 409: TESTING Action: 0, Volume: 5, Cash:     397.27, TotalVolume:    3, Price:   656.45
Day 410: TESTING Action: 0, Volume: 5, Cash:     397.27, TotalVolume:    3, Price:   647.63
Day 411: TESTING Action: 0, Volume: 5, Cash:     397.27, TotalVolume:    3, Price:   653.00
Day 412: TESTING Action: 0, Volume: 5, Cash:     397.27, TotalVolume:    3, Price:   654.52
Day 413: TESTING Action: 0, Volume: 5, Cash:     397.27, TotalVolume:    3, Price:   667.16
Day 414: TESTING Action: 0, Volume: 5, Cash:     397.27, TotalVolume:    3, Price:   660.00
Day 415: TESTING Action: 0, Volume: 5, Cash:     397.27, TotalVolume:    3, Price:   644.31
Day 416: TESTING Action: 0, Volume: 5, Cash:     397.27, TotalVolume:    3, Price:   646.84
Day 417: TESTING Action: 0, Volume: 5, Cash:     397.27, TotalVolume:    3, Price:   653.51
Day 418: TESTING Action: 0, Volume: 5, Cash:     397.27, TotalVolume:    3, Price:   654.30
Day 419: TESTING Action: 0, Volume: 5, Cash:     397.27, TotalVolume:    3, Price:   637.63
Day 420: TESTING Action: 0, Volume: 5, Cash:     397.27, TotalVolume:    3, Price:   613.18
Day 421: TESTING Action: 0, Volume: 5, Cash:     397.27, TotalVolume:    3, Price:   627.45
Day 422: TESTING Action: 0, Volume: 5, Cash:     397.27, TotalVolume:    3, Price:   622.66
Day 423: TESTING Action: 0, Volume: 5, Cash:     397.27, TotalVolume:    3, Price:   615.68
Day 424: TESTING Action: 0, Volume: 5, Cash:     397.27, TotalVolume:    3, Price:   606.70
Day 425: TESTING Action: 0, Volume: 5, Cash:     397.27, TotalVolume:    3, Price:   593.66
Day 426: TESTING Action: 0, Volume: 5, Cash:     397.27, TotalVolume:    3, Price:   604.06
Day 427: TESTING Action: 0, Volume: 5, Cash:     397.27, TotalVolume:    3, Price:   592.92
Day 428: TESTING Action: 0, Volume: 5, Cash:     397.27, TotalVolume:    3, Price:   594.89
Day 429: TESTING Action: 0, Volume: 5, Cash:     397.27, TotalVolume:    3, Price:   547.54
Day 430: TESTING Action: 0, Volume: 5, Cash:     397.27, TotalVolume:    3, Price:   525.72
Day 431: TESTING Action: 0, Volume: 5, Cash:     397.27, TotalVolume:    3, Price:   536.38
Day 432: TESTING Action: 0, Volume: 5, Cash:     397.27, TotalVolume:    3, Price:   572.13
Day 433: TESTING Action: 0, Volume: 5, Cash:     397.27, TotalVolume:    3, Price:   579.23
2134.9646606445312 2208.430145263672

────────────────────────────────────────
Final portfolio value  :   11946.73
Baseline (buy & hold)  :   11374.16
Profit over baseline   :     572.56
